outputs	qwen3-4b-domino-am-0.9m	epoch_2_step_126000	1176507304	1782753264	dflash	cfg	tstate
outputs	qwen3-4b-domino-am-0.9m	epoch_2_step_128000	1176507304	1782754865	dflash	cfg	tstate
outputs	20260903_valid	q3-06-static-bare-gate-af-rope-enc-dec-b8-1node-010-fromscratch-bs2-globalbs16-epoch2-maxlen3072-eval1000-20260903-retry1/epoch_0_step_55000	280306794	1788427171	dflash	cfg	tstate
outputs	q3-06-plain-ppppp-star-only-difference-pool-domino-b8-1node-012-fromscratch-bs2-globalbs16-epoch2-gamma7-eval1k-20260910__superseded_ppppp_stop7550	epoch_0_step_5000	238266586	1789052210	dflash	cfg	tstate
outputs	q3-06-static-newdata-r3	epoch_0_step_10000	269723866	1788191188	dflash	cfg	tstate
outputs	debug-stdrel-launch-095628	epoch_1_step_1	1143117096	1783043862		cfg	tstate
outputs	20260907训练结构	epoch_0_step_25000	269805890	1788756040	dflash	cfg	tstate
outputs	q3-06-pd-resume-step30000-2node-1011-gbs32-lr2e-3-threshold005-r1	epoch_1_step_43901	269723866	1788331195	dflash	cfg	tstate
outputs	q3-06-static-q-frequency-gate-b8-1node-node2-20260906	epoch_0_step_10000	269805882	1788720342	dflash	cfg	tstate
outputs	q3-06-static-q-frequency-gate-b8-1node-node2-20260906-2epoch	epoch_1_step_160000	269805882	1788743391	dflash	cfg	tstate
outputs	qwen3-4b-separate-prefix-block-profile-single-node-20260824	epoch_3_step_60	1163500506	1787559002	dflash	cfg	tstate
outputs	DominoTransferSFT-profile-single-xfer16-20260707	epoch_1_step_45	1176507304	1783368112	dflash	cfg	tstate
outputs	q3-06-naive-joint-both-difference-pool-domino-b8-1node-012-fromscratch-bs2-globalbs16-epoch2-gamma7-eval1k-20260910	epoch_0_step_30000	238266586	1789057953	dflash	cfg	tstate
outputs	qwen3-4b-domino-official-arch-b16-step3p5-perfectblend-mix-from-scratch-2node-0911-bs2acc1-epoch3-eval1k-restart-20260713	epoch_2_step_118000	1176507304	1783993202	dflash	cfg	tstate
outputs	qwen3-4b-domino-official-arch-b16-step3p5-perfectblend-mix-from-scratch-2node-0911-bs2acc1-epoch3-eval1k-restart-20260713	epoch_3_step_118506	1176507304	1783993418	dflash	cfg	tstate
outputs	20260907_additive_spectral_carrier_q_b8_node11	epoch_0_step_5000	269909738	1788758278	dflash	cfg	tstate
outputs	DominoTransferSFT-profile-single-xfer32-20260707	epoch_1_step_45	1176507304	1783368218	dflash	cfg	tstate
outputs	q3-06-static-q-frequency-gate-caf-b8-1node-node10-20260907-10000step	epoch_1_step_145000	269816226	1788776544	dflash	cfg	tstate
outputs	qwen3-4b-pure-pool-independent-kv-domino-l2sp-lm-head-init-audit-20260803	epoch_5_step_319200	1942609728	1785725835	dflash	cfg	tstate
outputs	qwen3-4b-diff-pool-dc-domino-all36-b16-l5-2node-1516-bs2acc1-epoch4-ar-eval-20260804	epoch_0_step_5000	1164584744	1785862303	dflash	cfg	tstate
outputs	DominoTransferSFT-profile-single-xfer64-20260707	epoch_1_step_45	1176507304	1783368326	dflash	cfg	tstate
outputs	qwen3-4b-static-recurrent-kv-target-embedding-hidden-states-bare-gate-all36-b16-l5-4node-09101112-epoch3-20260911	epoch_2_step_60000	1163438602	1789089591	dflash	cfg	tstate
outputs	qwen3-4b-domino-perfectblend-prefix-from-scratch-4node-bs2-fair-20260704	epoch_0_step_2000	1176507304	1783155923	dflash	cfg	tstate
outputs	qwen3-4b-domino-perfectblend-prefix-from-scratch-4node-bs2-fair-20260704	epoch_0_step_4000	1176507304	1783156836	dflash	cfg	tstate
outputs	qwen3-4b-domino-perfectblend-prefix-from-scratch-4node-bs2-fair-20260704	epoch_0_step_6000	1176507304	1783157751	dflash	cfg	tstate
outputs	DominoTransferSFT-smoke-single-xfer256-sampledonly-20260707	epoch_1_step_12	1176507304	1783369065	dflash	cfg	tstate
outputs	q3-06-static-one-gate-difference-pool-domino-b8-l5-1node-002-fromscratch-bs2-globalbs16-epoch2-gamma7-eval1k-20260911	epoch_0_step_5000	269723866	1789109366	dflash	cfg	tstate
outputs	qwen3-4b-domino-perfectblend-prefix-single-bs3-from-scratch-cachehit-20260706	epoch_0_step_34000	1176507304	1783364159	dflash	cfg	tstate
outputs	qwen3-4b-domino-perfectblend-prefix-single-bs3-from-scratch-cachehit-20260706	epoch_0_step_36000	1176507304	1783365205	dflash	cfg	tstate
outputs	DominoTransferSFT-qwen3-4b-domino-perfectblend-from-official-2node-bs2-lr2e-5-xfer256-sampledonly-ib-restart1-20260707	epoch_0_step_2000	1176507304	1783371702	dflash	cfg	tstate
outputs	DominoTransferSFT-qwen3-4b-domino-perfectblend-from-official-2node-bs2-lr2e-5-xfer256-sampledonly-ib-restart1-20260707	epoch_0_step_4000	1176507304	1783373826	dflash	cfg	tstate
outputs	DominoTransferSFT-qwen3-4b-domino-perfectblend-from-official-2node-bs2-lr2e-5-xfer256-sampledonly-ib-restart1-20260707	epoch_0_step_6000	1176507304	1783375964	dflash	cfg	tstate
outputs	DominoTransferSFT-qwen3-4b-domino-perfectblend-from-official-2node-bs2-lr2e-5-xfer256-sampledonly-ib-restart1-20260707	epoch_0_step_8000	1176507304	1783378087	dflash	cfg	tstate
outputs	DominoTransferSFT-qwen3-4b-domino-perfectblend-from-official-2node-bs2-lr2e-5-xfer256-sampledonly-ib-restart1-20260707	epoch_0_step_10000	1176507304	1783380208	dflash	cfg	tstate
outputs	DominoTransferSFT-qwen3-4b-domino-perfectblend-from-official-2node-bs2-lr2e-5-xfer256-sampledonly-ib-restart1-20260707	epoch_0_step_12000	1176507304	1783382339	dflash	cfg	tstate
outputs	DominoTransferSFT-qwen3-4b-domino-perfectblend-from-official-2node-bs2-lr2e-5-xfer256-sampledonly-ib-restart1-20260707	epoch_0_step_14000	1176507304	1783384464	dflash	cfg	tstate
outputs	DominoTransferSFT-qwen3-4b-domino-perfectblend-from-official-2node-bs2-lr2e-5-xfer256-sampledonly-ib-restart1-20260707	epoch_0_step_16000	1176507304	1783386600	dflash	cfg	tstate
outputs	DominoTransferSFT-qwen3-4b-domino-perfectblend-from-official-2node-bs2-lr2e-5-xfer256-sampledonly-ib-restart1-20260707	epoch_0_step_18000	1176507304	1783388728	dflash	cfg	tstate
outputs	q3-06-static-one-gate-difference-pool-domino-b8-l5-1node-011-fromscratch-bs2-globalbs16-epoch2-gamma7-eval1k-20260911	epoch_1_step_140000	269723866	1789131995	dflash	cfg	tstate
outputs	DominoTransferSFT-qwen3-4b-domino-perfectblend-from-official-single-bs2-lr2e-5-lambda1-xfer256-sampledonly-cachehit-20260707	epoch_0_step_2000	1176507304	1783393159	dflash	cfg	tstate
outputs	debug-constant-lr-onpolicy-1step	epoch_1_step_1	1176507304	1783401401	dflash	cfg	tstate
outputs	20260907_additive_spectral_carrier_q_b8_node11_retry1	epoch_0_step_5000	269909738	1788759275	dflash	cfg	tstate
outputs	20260907_additive_spectral_carrier_q_b8_node11_retry1	epoch_0_step_10000	269909738	1788760004	dflash	cfg	tstate
outputs	qwen3.5-4b-dflash2-legacy-b8-2node-1314-retry3	epoch_0_step_500	1363426448	1788196540	dflash	cfg	tstate
outputs	q3-06-static-one-gate-difference-pool-domino-sink-b8-l7-1node-019-fromscratch-bs2-globalbs16-epoch2-gamma7-eval1k-20260910	epoch_0_step_5000	341057684	1789061190	dflash	cfg	tstate
outputs	q3-06-static-one-gate-difference-pool-domino-sink-b8-l7-1node-019-fromscratch-bs2-globalbs16-epoch2-gamma7-eval1k-20260910	epoch_0_step_10000	341057684	1789062058	dflash	cfg	tstate
outputs	eval_qfreq_gate_step160000_20260907	epoch_1_step_0	269805890	1788767154	dflash	cfg	tstate
outputs	qwen3-4b-static-strict-loss-decomp-eval-node10-20260817	epoch_1_step_0	1163422040	1786946030	dflash	cfg	tstate
outputs	q3-06-s-block-layered-psspsspss-shared-gate-prefix-kv-difference-pool-domino-b8-1node-011-fromscratch-bs2-globalbs16-epoch2-gamma7-eval1k-20260910	epoch_0_step_25000	309603396	1789057586	dflash	cfg	tstate
outputs	q3-06-s-block-layered-pspsps-shared-gate-prefix-kv-difference-pool-domino-b8-1node-009-fromscratch-bs2-globalbs16-epoch2-gamma7-eval1k-20260910	epoch_0_step_25000	246665174	1789058780	dflash	cfg	tstate
outputs	q3-06-static-one-gate-difference-pool-domino-sink-gated-norm-b8-l7-1node-019-fromscratch-bs2-globalbs16-epoch2-gamma7-eval1k-20260910	epoch_0_step_15000	342892900	1789066338	dflash	cfg	tstate
outputs	q3-06-static-one-gate-difference-pool-domino-sink-pre-gated-norm-b8-l7-1node-019-fromscratch-bs2-globalbs16-epoch2-gamma7-eval1k-20260910	epoch_0_step_10000	342892900	1789068304	dflash	cfg	tstate
outputs	q3-06-static-one-gate-difference-pool-domino-sink-pre-gated-norm-b8-l5-1node-019-fromscratch-bs2-globalbs16-epoch2-gamma7-eval1k-20260910	epoch_1_step_130000	271045148	1789089027	dflash	cfg	tstate
outputs	q3-06-static-one-gate-difference-pool-domino-sink-gated-norm-b8-l5-1node-011-fromscratch-bs2-globalbs16-epoch2-gamma7-eval1k-20260911	epoch_0_step_55000	271045148	1789104208	dflash	cfg	tstate
outputs	q3-06-static-one-gate-difference-pool-domino-sink-b8-l5-1node-011-fromscratch-bs2-globalbs16-epoch2-gamma7-eval1k-20260911	epoch_0_step_35000	269734212	1789110050	dflash	cfg	tstate
outputs	qwen3-4b-pure-kv-domino-b16-q1-static-top9-inblock-d512-2node-1011-bs2acc1-epoch3-20260724	epoch_0_step_26000	1103111016	1784870981		cfg	tstate
outputs	qwen3-4b-pure-kv-domino-b16-q1-static-top9-position-mask-inblock-d512-2node-1011-bs2acc1-epoch3-20260724	epoch_1_step_60000	1103187920	1784905442		cfg	tstate
outputs	qwen3-4b-pure-kv-domino-b16-q1-static-top9-position-mask-inblock-d1024-causal-1node-8gpu-20260725	epoch_1_step_108000	1139888112	1784959224		cfg	tstate
outputs	qwen3-4b-static-strict-accept-hist-eval-node10-20260817	epoch_1_step_0	1163422040	1786953967	dflash	cfg	tstate
outputs	DominoBeamTreeVerify-qwen3-4b-domino-from-official-fixedbeam-8gpu-smoke	epoch_2_step_1	1176507304	1783448971	dflash	cfg	tstate
outputs	DominoBeamTreeVerify-qwen3-4b-domino-from-official-fixedbeam-8gpu-frontcheck	epoch_2_step_1	1176507304	1783449080	dflash	cfg	tstate
outputs	DominoBeamTreeVerify-smoke-path-proposal-20260708	epoch_2_step_1	1176507304	1783450397	dflash	cfg	tstate
outputs	DominoBeamTreeVerify-smoke-verifieronly-20260708	epoch_2_step_1	1176507304	1783450806	dflash	cfg	tstate
outputs	DominoBeamTreeVerify-smoke-localnorm-20260708	epoch_2_step_1	1176507304	1783451831	dflash	cfg	tstate
outputs	qwen3-4b-static-strict-loss-decomp-eval-node10-20260817-retry2	epoch_1_step_0	1163422040	1786946915	dflash	cfg	tstate
outputs	qwen3-4b-dflare-all36-b8-step3p5-perfectblend-mix-2node-1516-bs2acc1-epoch4-ar-eval-20260803	epoch_0_step_5000	1163401246	1785778954	dflash	cfg	tstate
outputs	qwen3-4b-separate-prefix-block-nccl-auto-20260824	epoch_3_step_120	1163500506	1787560027	dflash	cfg	tstate
outputs	qwen3-4b-static-recurrent-kv-target-embedding-hidden-states-bare-gate-all36-b16-l5-4node-09101112-mix-epoch3-20260911	epoch_3_step_59253	1163438602	1789164243	dflash	cfg	tstate
outputs	qwen3-4b-static-strict-loss-decomp-eval-node10-20260817-retry3	epoch_1_step_0	1163422040	1786947135	dflash	cfg	tstate
outputs	qwen3-4b-pure-pool-independent-kv-domino-all36-b16-l7-step3p5-perfectblend-mix-node10-bs2acc1-epoch4-ar-eval-20260804	epoch_2_step_50000	1589758480	1785804562	dflash	cfg	tstate
outputs	qwen3-4b-static-strict-loss-decomp-eval-node10-20260817-retry4	epoch_1_step_0	1163422040	1786947322	dflash	cfg	tstate
outputs	qwen3-4b-static-strict-loss-decomp-eval-node10-20260817-retry5	epoch_1_step_0	1163422040	1786947500	dflash	cfg	tstate
outputs	qwen3-4b-static-strict-loss-decomp-eval-node10-20260817-retry6	epoch_1_step_0	1163422040	1786947705	dflash	cfg	tstate
outputs	qwen3-4b-static-strict-prefix-accept-eval-node10-20260817	epoch_1_step_0	1163422040	1786953016	dflash	cfg	tstate
outputs	qwen3-4b-domino-frontier-fixed-eval64-official-8gpu-20260710-v1	epoch_1_step_1	1181242874	1783710923	dflash	cfg	tstate
outputs	qwen3-4b-sft-gru-domino-custom-b16-2node-1516-bs2acc1-epoch2-lr2e-4-ar-eval-20260811	epoch_2_step_79004	1176507304	1786485799	dflash	cfg	tstate
outputs	qwen3-4b-domino-frontier-fixed-eval64-trained1000-8gpu-20260710-v1	epoch_1_step_1	1181242874	1783711003	dflash	cfg	tstate
outputs	qwen3-4b-headwise-signed-diff-kv-domino-all36-b16-l5-5node-0508091011-bs2-epoch4-ar-eval-20260811	epoch_2_step_40000	1218309600	1786495245	dflash	cfg	tstate
outputs	qwen3-4b-static-gate-delta-mask-pool-domino-all36-b16-l5-4node-09101112-bs2-epoch4-ar-eval-20260812	epoch_4_step_79004	1163498928	1786576588	dflash	cfg	tstate
outputs	qwen3-4b-static-gate-delta-embedding-pool-domino-all36-b16-l5-2node-1011-bs2-epoch4-ar-eval-20260813	epoch_1_step_40000	1163498928	1786612883	dflash	cfg	tstate
outputs	qwen3-4b-domino-all36-gate-lowrank-r1024-b16-step3p5-perfectblend-mix-3node-091011-bs2acc1-epoch3-eval1k-20260729	epoch_0_step_26000	1488464168	1785335500	dflash	cfg	tstate
outputs	qwen3-4b-domino-all36-draft-layer-gate-lowrank-r1024-b16-step3p5-perfectblend-mix-4node-051011-bs2acc1-epoch3-eval1k-20260729	epoch_0_step_4000	1488484944	1785338199	dflash	cfg	tstate
outputs	qwen3-4b-official-domino-b16-perfectblend-downstream-eval1k-reuse-dkv-cache-1node11-bs2acc1-max1000-20260713	epoch_0_step_1000	1176507304	1783929485	dflash	cfg	tstate
outputs	qwen3-4b-official-domino-b16-perfectblend-downstream-eval1k-reuse-dkv-cache-1node11-bs2acc1-max1000-20260713	epoch_1_step_1000	1176507304	1783929489	dflash	cfg	tstate
outputs	qwen3-4b-domino-b16-continuous-anchor256-continue-step118506-step3p5-perfectblend-mix-1node11-bs2acc2-lr1e4-epoch3-20260721	epoch_0_step_22000	1176507304	1784633965	dflash	cfg	tstate
outputs	qwen3-4b-domino-b16-nonoverlap-anchor256-continue-step118506-step3p5-perfectblend-mix-1node15-bs2acc2-lr1e4-epoch3-20260721	epoch_0_step_2000	1176507304	1784623164	dflash	cfg	tstate
outputs	qwen3-4b-domino-b16-nonoverlap-train-continuous-eval-anchor256-continue-step118506-step3p5-perfectblend-mix-1node15-bs2acc2-lr1e4-epoch3-20260721	epoch_0_step_20000	1176507304	1784636436	dflash	cfg	tstate
outputs	qwen3-4b-domino-all36-draft-layer-gate-independent-rmsnorm-lowrank-r1024-b16-step3p5-perfectblend-mix-4node-051011-bs2acc1-epoch4-eval1k-20260729	epoch_2_step_46000	1489565368	1785376135	dflash	cfg	tstate
outputs	qwen3-4b-domino-official-arch-b16-nonoverlap-anchor256-step3p5-perfectblend-mix-continue-step38000-2node-1011-16gpu-bs3acc1-epoch3-evalrandom-eval1k-20260722	epoch_3_step_79005	1176507304	1784708875	dflash	cfg	tstate
outputs	qwen3-4b-domino-layer-aligned-early18-26-late26-34-b16-step3p5-perfectblend-mix-4node-08101112-bs2acc1-epoch3-eval1k-20260723	epoch_0_step_2000	1040180584	1784824232	dflash	cfg	tstate
outputs	qwen3-4b-domino-layer-aligned-early18-26-late26-34-b16-5layer-step3p5-perfectblend-mix-4node-08101112-bs2acc1-epoch3-eval1k-20260723	epoch_3_step_59253	1242043408	1784851755	dflash	cfg	tstate
outputs	qwen3-4b-pure-pool-independent-kv-domino-all36-b16-l7-continue-step50000-2node-1011-lr191683-lambda3671-20260804	epoch_3_step_130000	1589758480	1785824389	dflash	cfg	tstate
outputs	qwen3-4b-pure-kv-domino-b16-q1-static-top9-position-mask-inblock-d1024-bidirectional-1node-8gpu-20260725	epoch_1_step_104000	1139888112	1785002441		cfg	tstate
outputs	qwen3.5-4b-dflash2-legacy-b8-4node-13141718-restart1	epoch_0_step_500	1363426448	1788197210	dflash	cfg	tstate
outputs	qwen3.5-4b-dflash2-legacy-b8-2node-1314-strict-resume1	epoch_2_step_110000	1363426448	1788262748	dflash	cfg	tstate
outputs	qwen3-4b-domino-all36-shared-gate-rmsnorm-lowrank-r1024-b8-step3p5-perfectblend-mix-2node-1011-bs2acc1-epoch4-ar-eval-20260730	epoch_0_step_15000	1489565368	1785402528	dflash	cfg	tstate
outputs	qwen3-4b-pure-kv-domino-b16-q1-static-top9-swa64-sink3-domino-cache-from-scratch-4node-05101112-bs2acc1-epoch3-restart2-20260725	epoch_6_step_118506	1286690608	1785066988		cfg	tstate
outputs	qwen3-4b-diff-pool-dc-domino-all36-b16-l5-fixed-2node-1516-bs2acc1-epoch4-ar-eval-20260804	epoch_1_step_65000	1164584662	1785894931	dflash	cfg	tstate
outputs	qwen3-4b-domino-all36-draft-layer-gate-independent-rmsnorm-lowrank-r1024-b16-step3p5-perfectblend-mix-2node-1011-bs2acc1-epoch5-20260730-retry	epoch_2_step_100000	1489565368	1785380564	dflash	cfg	tstate
outputs	qwen3-4b-domino-all36-draft-layer-gate-independent-rmsnorm-lowrank-r1024-b16-step3p5-perfectblend-mix-2node-1011-bs2acc1-epoch5-20260730-retry2	epoch_2_step_100000	1489565368	1785384704	dflash	cfg	tstate
outputs	qwen3-4b-domino-all36-draft-layer-gate-layerwise-rmsnorm-lowrank-r1024-b16-step3p5-perfectblend-mix-4node-051011-bs2acc1-epoch4-eval1k-20260729-rerun	epoch_0_step_10000	1488669368	1785351054	dflash	cfg	tstate
outputs	qwen3-4b-domino-all36-draft-layer-gate-independent-rmsnorm-lowrank-r1024-b16-step3p5-perfectblend-mix-2node-1011-bs2acc1-epoch5-20260730-retry3	epoch_2_step_104000	1489565368	1785388403	dflash	cfg	tstate
outputs	qwen3-4b-domino-all36-shared-gate-rmsnorm-lowrank-r1024-b8-step3p5-perfectblend-mix-2node-1011-bs2acc1-epoch4-ar-eval-fixed-20260730	epoch_3_step_155000	1489565368	1785464296	dflash	cfg	tstate
outputs	qwen3-4b-pool-domino-all36-shared-semantic-ffn-r1024-b8-step3p5-perfectblend-mix-2node-1011-bs2acc1-epoch4-ar-eval-20260731-rerun	epoch_4_step_159620	1122753384	1785552894	dflash	cfg	tstate
outputs	qwen3-4b-pool-domino-all36-shared-semantic-ffn-r1024-b8-l7-step3p5-perfectblend-mix-3node-050809-bs2acc1-epoch4-ar-eval-20260731	epoch_4_step_106412	1526847824	1785564494	dflash	cfg	tstate
outputs	qwen3-4b-domino-official-b8-true-step3p5-perfectblend-mix-from-scratch-4node-13141718-32gpu-bs2acc1-epoch4-eval1k-20260731-rerun2	epoch_4_step_79808	1176507304	1785548406	dflash	cfg	tstate
outputs	qwen3-4b-layer-pool-domino-all36-shared-semantic-ffn-r1024-b8-step3p5-perfectblend-mix-4node-08091011-bs2acc1-epoch4-ar-eval-20260801	epoch_2_step_40000	1175183192	1785588215	dflash	cfg	tstate
outputs	qwen3-4b-pool-domino-all36-shared-semantic-ffn-r1024-b16-step3p5-perfectblend-mix-4node-08091011-bs2acc1-epoch6-ar-eval-20260801	epoch_0_step_10000	1122753384	1785596281	dflash	cfg	tstate
outputs	qwen3-4b-pure-pool-independent-kv-domino-all36-b8-step3p5-perfectblend-mix-4node-08091011-bs2acc1-epoch4-ar-eval-20260801	epoch_4_step_79808	1164697304	1785635402	dflash	cfg	tstate
outputs	qwen3-4b-pure-pool-independent-kv-domino-all36-b16-l4-step3p5-perfectblend-mix-5node-0809101112-bs2acc1-epoch4-ar-eval-20260802	epoch_0_step_15000	952164088	1785693511	dflash	cfg	tstate
outputs	qwen3-4b-independent-lm-head-pure-pool-independent-kv-domino-all36-b8-continue-step79808-lr2e-4-3epoch-4node-08091011-20260802	epoch_4_step_80000	1942609728	1785694950	dflash	cfg	tstate
outputs	qwen3-4b-independent-lm-head-pure-pool-independent-kv-domino-all36-b8-step3p5-perfectblend-mix-from-scratch-5node-0809101112-bs2acc1-epoch4-ar-eval-20260802-rerun2	epoch_2_step_45000	1942609728	1785718958	dflash	cfg	tstate
outputs	qwen3-4b-pure-pool-independent-kv-domino-l2sp-lm-head-all36-b8-from-step79808-noskip-node10-20260803-fixed	epoch_1_step_125000	1942609728	1785777671	dflash	cfg	tstate
outputs	qwen3-4b-dflare-all36-b8-fixed7-learned-weights-step3p5-perfectblend-mix-2node-1516-bs2acc1-epoch4-ar-eval-20260804-rerun	epoch_1_step_70000	1163401246	1785805470	dflash	cfg	tstate
outputs	qwen3-4b-pure-pool-shared-embedding-kv-additive-layer0init-all36-b16-l5-step3p5-perfectblend-mix-2node-1011-bs2acc1-epoch4-ar-eval-20260804-rerun2	epoch_3_step_155000	1175178066	1785904561	dflash	cfg	tstate
outputs	qwen3-4b-two-dim-difference-linear-pure-pool-domino-all36-b16-l5-2node-0509-bs2acc1-epoch4-ar-eval-20260804	epoch_0_step_10000	1165665902	1785854414	dflash	cfg	tstate
outputs	qwen3-4b-static-non-pre-norm-difference-pool-domino-all36-b16-l5-2node-1011-bs2acc1-epoch4-ar-eval-20260805	epoch_1_step_45000	1163422598	1785983056	dflash	cfg	tstate
outputs	qwen3-4b-non-pre-norm-difference-linear-pure-pool-domino-all36-b16-l5-2node-1011-bs2acc1-epoch4-ar-eval-20260806	epoch_0_step_25000	1165317182	1785997142	dflash	cfg	tstate
outputs	qwen3-4b-non-pre-norm-difference-linear-pure-pool-domino-all36-b16-l5-lambda01-2node-1011-bs2acc1-epoch4-ar-eval-20260806	epoch_0_step_15000	1165317182	1786005967	dflash	cfg	tstate
outputs	qwen3-4b-static-non-pre-norm-one-gate-difference-pool-domino-all36-b16-l5-2node-1011-bs2acc1-epoch4-ar-eval-20260806	epoch_5_step_200000	1163422050	1786350326	dflash	cfg	tstate
outputs	qwen3-4b-static-non-pre-norm-linear-gate-difference-pool-domino-all36-b16-l5-2node-1516-bs2acc1-epoch4-ar-eval-20260806	epoch_1_step_40000	1163422042	1786026709	dflash	cfg	tstate
outputs	qwen3-4b-static-non-pre-norm-one-gate-no-embedding-difference-pool-domino-all36-b16-l5-2node-1516-bs2acc1-epoch4-ar-eval-20260806	epoch_2_step_80000	1163422040	1786064631	dflash	cfg	tstate
outputs	qwen3.6-27b-domino-sharegpt-full-b16-l5-2node-1011-tp8-triton-mem45-fullshard-localcache-retry8-bs1acc2-epoch3-20260807	epoch_0_step_12000	3628467208	1786100465	dflash	cfg	tstate
outputs	qwen3-4b-query-anchor-static-non-pre-norm-one-gate-difference-pool-domino-all36-b16-l5-6node-050809101112-bs1-epoch1-ar-eval-20260808	epoch_0_step_25000	1163422050	1786215698	dflash	cfg	tstate
outputs	qwen3-4b-context-block-q-static-non-pre-norm-one-gate-difference-pool-domino-all36-b16-l5-6node-050809101112-bs1-epoch1-ar-eval-retry2-20260808	epoch_1_step_26335	1268280242	1786229878	dflash	cfg	tstate
outputs	qwen3-4b-static-non-pre-norm-difference-pool-domino-all36-b16-l3-6node-050809101112-bs1-epoch4-ar-eval-20260809	epoch_3_step_100000	738714458	1786291554	dflash	cfg	tstate
outputs	qwen3-4b-static-non-pre-norm-difference-pool-domino-all36-b16-l5-6node-050809101112-bs1-epoch6-ar-eval-20260809	epoch_4_step_120000	1163422598	1786323431	dflash	cfg	tstate
outputs	qwen3-4b-static-non-pre-norm-one-gate-difference-pool-domino-all36-b16-l5-2node-1011-bs2acc1-epoch4-ar-eval-20260810	epoch_0_step_5000	1163422050	1786329518	dflash	cfg	tstate
outputs	qwen3-4b-static-non-pre-norm-one-gate-no-embedding-difference-pool-domino-all36-b16-l5-6node-131415161718-bs1-epoch6-ar-eval-20260809	epoch_4_step_120000	1163422040	1786323632	dflash	cfg	tstate
outputs	qwen3-4b-static-non-pre-norm-one-gate-no-embedding-difference-pool-domino-all36-b16-l5-2node-1011-bs2acc1-epoch4-ar-eval-20260810	epoch_3_step_150000	1163422040	1786384051	dflash	cfg	tstate
outputs	qwen3-4b-static-non-pre-norm-residual-stream-difference-pool-domino-all36-b16-l5-6node-050809101112-bs2-epoch4-ar-eval-20260810	epoch_3_step_45000	1163423318	1786410620	dflash	cfg	tstate
outputs	qwen3-4b-static-non-pre-norm-residual-stream-beta-pool-domino-all36-b16-l5-2node-1011-bs2acc1-epoch4-ar-eval-20260811-rerun2	epoch_3_step_120000	1163422588	1786471040	dflash	cfg	tstate
outputs	q3-06-static-qk-head-temperature-linear-b8-1node-gpu002-20260908-lr2e3-epoch2	epoch_1_step_110000	269724618	1788830094	dflash	cfg	tstate
outputs	q3-06-static-qkv-b8-2node-1011-fromscratch-bs2-globalbs32-epoch3-metrics-20260902-retry2	epoch_0_step_15000	270052082	1788339535	dflash	cfg	tstate
outputs	qwen3-4b-domino-ls-rope-theta1e4-b16-l5-2node-0809-bs2-globalbs32-lr6e-4-epoch3-20260904	epoch_3_step_118506	1177818200	1788593723	dflash	cfg	tstate
outputs	q3-06-static-gated-q-norm-b8-1node-gpu011-20260908-lr2e3-epoch2	epoch_0_step_10000	270380418	1788840831	dflash	cfg	tstate
outputs	q3-06-static-gated-rmsnorm-b8-1node-gpu011-20260908-lr2e3-epoch2	epoch_0_step_50000	270381666	1788853322	dflash	cfg	tstate
outputs	q3-06-static-baseline-b8-1node-010-fromscratch-bs2-globalbs16-epoch3-fullmetrics-20260902-retry1	epoch_0_step_85000	269723866	1788354052	dflash	cfg	tstate
outputs	qwen3-4b-static-non-pre-norm-one-gate-difference-no-anchor-pool-domino-all36-b16-l5-4node-09101112-bs2-lr1p2e-3-epoch4-ar-eval-20260819	epoch_0_step_5000	1163427258	1787154021	dflash	cfg	tstate
outputs	qwen3-4b-static-non-pre-norm-one-gate-difference-pool-domino-two-tap-conv-all36-b16-l5-4node-09101112-bs2-lr1p2e-3-epoch3-ar-eval-20260820	epoch_3_step_59253	1196222738	1787188060	dflash	cfg	tstate
outputs	qwen3-4b-static-enc-dec-pool-domino-all36-b16-l5-2node-1011-bs2-lr1p2e-3-epoch3-20260820-retry6	epoch_0_step_5000	1268358626	1787203334	dflash	cfg	tstate
outputs	qwen3-4b-static-enc-dec-pool-domino-independent-o-all36-b8-l5-2node-1011-bs2-lr1p2e-3-epoch3-20260820-retry2	epoch_0_step_10000	1373220578	1787213521	dflash	cfg	tstate
outputs	qwen3-4b-source-cond-lowrank-kv-adapter-r128-all36-b8-l5-2node-1011-bs2-lr1p2e-3-epoch3-20260820-retry3	epoch_1_step_40000	1376920210	1787241084	dflash	cfg	tstate
outputs	qwen3-4b-linear-anchor-source-cond-lowrank-kv-adapter-r128-all36-b8-l5-3node-091011-prefixsafe-bs2-lr1p2e-3-epoch3-20260820	epoch_1_step_35000	1429349308	1787273589	dflash	cfg	tstate
outputs	qwen3-4b-source-cond-lowrank-kv-adapter-layernorm-pool-sink-r128-all36-b8-l5-2node-1011-fromscratch-bs2-lr1p2e-3-epoch3-20260821	epoch_0_step_15000	1376945924	1787424786	dflash	cfg	tstate
outputs	qwen3-4b-relu-mlp-3node-101112-l5-b16-fromscratch-gbs48-lr1e-3-wd1e-2-20260830-r1	epoch_0_step_5000	916393824	1788099493	dflash	cfg	tstate
outputs	qwen3-4b-relu-mlp-3node-101112-l5-b16-fromscratch-gbs48-lr1e-3-wd1e-2-20260830-r1	epoch_0_step_10000	916393824	1788102352	dflash	cfg	tstate
outputs	qwen3-4b-source-cond-lowrank-kv-adapter-layernorm-pool-learned-sink-r128-all36-b8-l5-2node-1011-fromscratch-bs2-lr1p2e-3-epoch3-20260821-retry5	epoch_0_step_5000	1376971628	1787292153	dflash	cfg	tstate
outputs	qwen3-4b-source-cond-lowrank-kv-adapter-layernorm-pool-learned-sink-r128-all36-b8-l9-2node-1011-fromscratch-bs2-lr1p2e-3-epoch3-20260821-retry7	epoch_0_step_5000	2396702500	1787297272	dflash	cfg	tstate
outputs	qwen3-4b-linear-anchor-source-cond-lowrank-kv-adapter-learned-sink-r128-all36-b8-l9-2node-1011-fromscratch-bs2-lr1p2e-3-epoch3-20260821-retry1	epoch_0_step_10000	2449090536	1787306926	dflash	cfg	tstate
outputs	qwen3-4b-linear-anchor-source-cond-lowrank-kv-adapter-direct-anchor-learned-sink-r128-all36-b8-l9-2node-1011-fromscratch-bs2-lr1p2e-3-epoch3-20260821-retry1	epoch_0_step_15000	2449085340	1787322326	dflash	cfg	tstate
outputs	qwen3-4b-query-refine-static-non-pre-norm-one-gate-difference-pool-domino-all36-b8-l5-2node-0912-bs2-lr1p2e-3-epoch3-20260821-fromscratch	epoch_3_step_119715	1163422050	1787375618	dflash	cfg	tstate
outputs	qwen3-4b-linear-anchor-source-cond-lowrank-kv-adapter-direct-anchor-learned-sink-r128-all36-b8-l5-2node-1011-fromscratch-bs2-lr1p2e-3-epoch3-20260821-retry1	epoch_3_step_119715	1429374948	1787399133	dflash	cfg	tstate
outputs	qwen3-4b-linear-anchor-source-cond-lowrank-kv-adapter-input-pool-split-shift-learned-sink-r128-all36-b8-l5-2node-0912-retry1-fromscratch-bs2-lr1p2e-3-epoch3-20260822	epoch_0_step_30000	1429380144	1787417841	dflash	cfg	tstate
outputs	qwen3-4b-multiblock-linear-anchor-source-cond-lowrank-kv-adapter-input-pool-learned-sink-all36-b8-p6n4-3node-131418-fromscratch-bs2-lr1p2e-3-epoch3-20260823-retry2	epoch_3_step_79809	1359133652	1787479543	dflash	cfg	tstate
outputs	qwen3-4b-qformer-kv-native-layerpos-multiblock-linear-anchor-all36-b8-p6n4-2node-0912-fromscratch-bs2-lr1p2e-3-epoch3-20260823	epoch_1_step_55000	1382395432	1787534335	dflash	cfg	tstate
outputs	qwen3-4b-prefix-gated-linear-anchor-source-cond-lowrank-kv-adapter-direct-anchor-learned-sink-r128-all36-b8-l5-2node-1011-fromscratch-bs2-lr1p2e-3-epoch3-20260823-retry1	epoch_0_step_20000	1429375454	1787506699	dflash	cfg	tstate
outputs	qwen3-4b-attnres-rms-cache-metrics-linear-anchor-source-cond-lowrank-kv-adapter-direct-anchor-learned-sink-r128-all36-b8-l5-2node-1011-fromscratch-bs2-lr1p2e-3-epoch3-20260823-retry5	epoch_0_step_30000	1429542108	1787535619	dflash	cfg	tstate
outputs	qwen3-4b-peri-norm-static-non-pre-norm-one-gate-difference-pool-domino-all36-b8-l5-2node-1011-fromscratch-bs2-lr1p2e-3-epoch3-projmetrics1000-flex-clean-20260824	epoch_0_step_15000	1163474314	1787554131	dflash	cfg	tstate
outputs	qwen3-4b-separate-prefix-block-independent-o-block-sink-peri-norm-static-non-pre-norm-one-gate-difference-pool-domino-all36-b8-l5-2node-0912-fromscratch-bs2-lr1p2e-3-wd1e-2-epoch3-metrics50-flex-20260824	epoch_0_step_5000	1268384810	1787578523	dflash	cfg	tstate
outputs	qwen3-4b-silu-mlp-3node-101112-l5-b16-fromscratch-gbs48-lr1e-3-wd1e-2-20260830-r1	epoch_0_step_5000	916393824	1788106238	dflash	cfg	tstate
outputs	qwen3-4b-separate-prefix-block-value-differential-beta0p5-peri-norm-static-non-pre-norm-one-gate-difference-pool-domino-all36-b8-l5-2node-0912-fromscratch-bs2-lr1p2e-3-epoch3-metrics50-flex-20260824-retry2	epoch_0_step_5000	1163501084	1787583695	dflash	cfg	tstate
outputs	qwen3-4b-separate-prefix-block-l2x100-all5-control-peri-norm-static-non-pre-norm-one-gate-difference-pool-domino-all36-b8-l5-2node-1011-fromscratch-bs2-lr1p2e-3-epoch3-metrics50-flex-20260824	epoch_0_step_5000	1163500506	1787589797	dflash	cfg	tstate
outputs	qwen3-4b-separate-prefix-block-peri-norm-static-non-pre-norm-one-gate-difference-pool-domino-all36-b8-l5-2node-1011-fromscratch-bs2-lr1p2e-3-epoch3-metrics50-flex-20260824-retry14	epoch_0_step_15000	1163500506	1787577178	dflash	cfg	tstate
outputs	qwen3-4b-separate-prefix-block-l2x100-all5-prefix-control-sum-peri-norm-static-non-pre-norm-one-gate-difference-pool-domino-all36-b8-l5-4node-09101112-fromscratch-bs2-lr1p2e-3-epoch3-metrics50-flex-20260824	epoch_2_step_55000	1163500506	1787621808	dflash	cfg	tstate
outputs	qwen3-4b-separate-prefix-block-no-l2-control-peri-norm-static-non-pre-norm-one-gate-difference-pool-domino-all36-b8-l5-2node-1011-init55000-bs2-lr1p2e-3-warmup10-epoch3-metrics50-flex-20260825	epoch_0_step_20000	1163500506	1787634850	dflash	cfg	tstate
outputs	qwen3-4b-static-non-pre-norm-one-gate-difference-pool-domino-post-norm-unified-all36-b8-l5-2node-1011-fromscratch-bs2-lr1p2e-3-epoch3-metrics50-flex-20260825-retry1	epoch_0_step_10000	1163422050	1787642969	dflash	cfg	tstate
outputs	qwen3-4b-static-non-pre-norm-one-gate-difference-pool-domino-post-norm-elementwise-g1-unified-all36-b8-l5-2node-1011-fromscratch-bs2-lr1p2e-3-epoch3-metrics50-flex-20260825	epoch_0_step_10000	1268321738	1787649522	dflash	cfg	tstate
outputs	qwen3-4b-static-non-pre-norm-one-gate-difference-pool-domino-post-norm-vscale-unified-all36-b8-l7-2node-1011-fromscratch-bs2-lr4e-3-epoch3-ma-metrics50-flex-20260825	epoch_0_step_20000	1588130046	1787667195	dflash	cfg	tstate
outputs	q3-06-static-no-self-b8-1node-gpu011-20260908-lr2e3-epoch2	epoch_1_step_95000	269723866	1788873638	dflash	cfg	tstate
outputs	qwen3-4b-static-non-pre-norm-one-gate-difference-pool-domino-pre-norm-vscale-unified-all36-b8-l7-2node-0912-fromscratch-bs2-lr4e-3-epoch3-ma-metrics50-flex-20260825	epoch_0_step_10000	1588130046	1787666075	dflash	cfg	tstate
outputs	qwen3-4b-static-37-source-qk-bias-enc-dec-b16-l5-4node-08101112-bs2-globalbs64-lr6e-4-epoch3-20260907	epoch_3_step_59253	1583760762	1788827173	dflash	cfg	tstate
outputs	q3-06-static-qkv-bias-pre-norm-b8-1node-gpu002-20260907-fromscratch-bs2-globalbs16-epoch4-metrics	epoch_0_step_25000	270052082	1788805761	dflash	cfg	tstate
outputs	qwen3-4b-static-non-pre-norm-one-gate-difference-pool-domino-post-norm-aggressive-slot-delta-l0-anchor-only-prepend-mask-sink-all36-b8-l7-4node-09101112-fromscratch-bs2-lr1e-3-wd1e-2-epoch3-anchor-grad-attn-sink-metrics50-flex-20260826-retry3	epoch_1_step_20000	1588207038	1787705472	dflash	cfg	tstate
outputs	q3-06-static-qkv-bias-b8-1node-011-fromscratch-bs2-globalbs16-epoch3-fullmetrics-20260902-retry1	epoch_0_step_80000	270052082	1788355845	dflash	cfg	tstate
outputs	q3-06-static-bare-gate-recurrent-kv-af-rope-enc-dec-b8-1node-011-fromscratch-bs2-globalbs16-epoch2-maxlen3072-eval1000-gate05-20260903-retry3	epoch_1_step_150000	280323338	1788496671	dflash	cfg	tstate
outputs	q3-06-static-bare-gate-standard-rope-theta1e6-enc-dec-b8-1node-010-fromscratch-bs2-globalbs16-epoch2-maxlen3072-eval1000-20260903-retry1	epoch_1_step_100000	280306794	1788495748	dflash	cfg	tstate
outputs	qwen3-4b-post-norm-target-hs-affine-hadamard-no-embedding-2node-1011-fromscratch-bs2-globalbs32-lr1e-3-wd1e-2-epoch3-calib-reuse3node-eval1000-fused-compact-attn-20260827-retry3	epoch_0_step_25000	1164328776	1787817440	dflash	cfg	tstate
outputs	qwen3-4b-post-norm-target-hs-affine-hadamard-no-embedding-2node-1011-fromscratch-bs2-globalbs32-lr1e-3-wd1e-2-epoch3-calib-reuse3node-eval1000-fused-compact-attn-20260827-retry3	epoch_0_step_15000	1164328776	1787811114	dflash	cfg	tstate
outputs	qwen3-4b-post-norm-target-hs-affine-hadamard-no-embedding-2node-1011-fromscratch-bs2-globalbs32-lr1e-3-wd1e-2-epoch3-calib-reuse3node-eval1000-fused-compact-attn-20260827-retry3	epoch_0_step_20000	1164328776	1787814259	dflash	cfg	tstate
outputs	qwen3.5-4b-dflash2-static-gate-pool-all32-b8-2node-1011-strict-resume1	epoch_1_step_60000	1363426864	1788226223	dflash	cfg	tstate
outputs	qwen3.5-4b-dflash2-static-gate-pool-all32-b8-2node-1011-strict-resume1	epoch_1_step_65000	1363426864	1788228300	dflash	cfg	tstate
outputs	qwen3.5-4b-dflash2-static-gate-pool-all32-b8-2node-1011-strict-resume1	epoch_1_step_70000	1363426864	1788230375	dflash	cfg	tstate
outputs	q3-06-static-bare-gate-b8-1node-011-fromscratch-bs2-globalbs16-epoch3-fullmetrics-20260902-retry1	epoch_0_step_35000	269723866	1788363394	dflash	cfg	tstate
outputs	q3-06-static-bare-gate-b8-1node-011-fromscratch-bs2-globalbs16-epoch3-fullmetrics-20260902-retry1	epoch_0_step_30000	269723866	1788362505	dflash	cfg	tstate
outputs	q3-06-static-target-hs-pre-rmsnorm-bare-gate-1node-008-fromscratch-bs2-globalbs16-epoch3-fullmetrics-20260902-retry1	epoch_0_step_20000	269781322	1788363380	dflash	cfg	tstate
outputs	q3-06-static-target-attn-mlp-bare-gate-57source-1node-002-fromscratch-bs2-globalbs16-epoch3-fullmetrics-20260902-retry1	epoch_0_step_35000	269724146	1788366013	dflash	cfg	tstate
outputs	qwen3-4b-static-37-source-prenorm-final-bare-gate-all36-b16-l5-4node-08101112-bs2-globalbs64-lr2e-3-epoch4-eval10k-save20k-log500-fromscratch-20260902-retry1	epoch_4_step_79004	1163422050	1788399113	dflash	cfg	tstate
outputs	q3-06-static-bare-gate-b8-7layer-1node-002-fromscratch-bs2-globalbs16-epoch3-fullmetrics-20260902-retry1	epoch_0_step_20000	341043230	1788370265	dflash	cfg	tstate
outputs	q3-06-static-bare-gate-b16-7layer-1node-002-fromscratch-bs2-globalbs16-epoch3-fullmetrics-20260902-retry2	epoch_0_step_5000	341043230	1788372704	dflash	cfg	tstate
outputs	qwen3.5-4b-static-non-pre-norm-one-gate-difference-pool-domino-two-tap-conv-all32-b8-l5-3node-101112-bs2-lr1p2e-3-epoch3-ar-eval-20260830-retry3	epoch_2_step_80000	1206249738	1788139299	dflash	cfg	tstate
outputs	qwen3.5-4b-dflash2-static-gate-pool-all32-b8-1node-gpu012-dpace-normalized-10k-20260901	epoch_0_step_5000	1363426864	1788224843	dflash	cfg	tstate
outputs	qwen3.5-4b-dflash2-static-gate-pool-all32-b8-2node-1011-anchor256-resume70000	epoch_2_step_110000	1363426864	1788245686	dflash	cfg	tstate
outputs	qwen3-4b-static-73-source-attn-mlp-non-pre-norm-one-gate-difference-pool-domino-all36-b16-l5-4node-09101112-bs2-globalbs64-lr6e-4-epoch4-eval5k-save10k-log500-fromscratch-20260901-retry2	epoch_4_step_79004	1163422410	1788310468	dflash	cfg	tstate
outputs	qwen3-4b-static-73-source-attn-mlp-non-pre-norm-one-gate-difference-pool-domino-all36-b16-l5-2node-1011-bs2-globalbs32-lr6e-4-epoch4-eval5k-save10k-log500-fromscratch-20260903	epoch_1_step_60000	1163422410	1788494536	dflash	cfg	tstate
outputs	qwen3-4b-static-73-source-attn-mlp-non-pre-norm-one-gate-difference-pool-domino-all36-b16-l5-2node-1011-strict-resume-step60000-20260904	epoch_4_step_158008	1163422410	1788586253	dflash	cfg	tstate
outputs	qwen3-4b-domino-ls-rope-enc-dec-b16-l5-2node-1011-bs2-globalbs32-lr6e-4-epoch3-metrics50-20260905-retry2	epoch_3_step_118506	1597336640	1788681261	dflash	cfg	tstate
outputs	qwen3-4b-static-37-source-qk-bias-enc-dec-b16-l5-5node-0809101112-bs2-globalbs80-lr6e-4-epoch3-20260907	epoch_2_step_40000	1583760762	1788741105	dflash	cfg	tstate
outputs	qwen3-4b-static-target-embedding-hidden-states-bare-gate-all36-b16-l5-4node-08101112-bs2-globalbs64-lr6e-4-epoch3-raw-perfectblend-20260908	epoch_3_step_65436	1163422050	1788912286	dflash	cfg	tstate
cache/checkpoint-trash	q3-06-static-one-gate-difference-pool-domino-sink-gated-norm-b8-l7-1node-019-fromscratch-bs2-globalbs16-epoch2-gamma7-eval1k-20260910	epoch_0_step_5000-20260910-183753	342892900	1789064605	dflash	cfg	tstate
cache/checkpoint-trash	q3-06-static-one-gate-difference-pool-domino-sink-gated-norm-b8-l7-1node-019-fromscratch-bs2-globalbs16-epoch2-gamma7-eval1k-20260910	epoch_0_step_10000-20260910-185218	342892900	1789065473	dflash	cfg	tstate
cache/checkpoint-trash	q3-06-static-one-gate-difference-pool-domino-sink-pre-gated-norm-b8-l7-1node-019-fromscratch-bs2-globalbs16-epoch2-gamma7-eval1k-20260910	epoch_0_step_5000-20260910-192504	342892900	1789067429	dflash	cfg	tstate
cache/checkpoint-trash	q3-06-static-one-gate-difference-pool-domino-sink-pre-gated-norm-b8-l5-1node-019-fromscratch-bs2-globalbs16-epoch2-gamma7-eval1k-20260910	epoch_0_step_5000-20260910-195855	271045148	1789069552	dflash	cfg	tstate
cache/checkpoint-trash	q3-06-static-one-gate-difference-pool-domino-sink-pre-gated-norm-b8-l5-1node-019-fromscratch-bs2-globalbs16-epoch2-gamma7-eval1k-20260910	epoch_0_step_10000-20260910-201141	271045148	1789070334	dflash	cfg	tstate
cache/checkpoint-trash	q3-06-static-one-gate-difference-pool-domino-sink-pre-gated-norm-b8-l5-1node-019-fromscratch-bs2-globalbs16-epoch2-gamma7-eval1k-20260910	epoch_0_step_15000-20260910-202456	271045148	1789071101	dflash	cfg	tstate
cache/checkpoint-trash	q3-06-static-one-gate-difference-pool-domino-sink-pre-gated-norm-b8-l5-1node-019-fromscratch-bs2-globalbs16-epoch2-gamma7-eval1k-20260910	epoch_0_step_20000-20260910-203810	271045148	1789071896	dflash	cfg	tstate
cache/checkpoint-trash	q3-06-static-one-gate-difference-pool-domino-sink-pre-gated-norm-b8-l5-1node-019-fromscratch-bs2-globalbs16-epoch2-gamma7-eval1k-20260910	epoch_0_step_25000-20260910-205114	271045148	1789072690	dflash	cfg	tstate
cache/checkpoint-trash	q3-06-static-one-gate-difference-pool-domino-sink-pre-gated-norm-b8-l5-1node-019-fromscratch-bs2-globalbs16-epoch2-gamma7-eval1k-20260910	epoch_0_step_30000-20260910-210426	271045148	1789073474	dflash	cfg	tstate
cache/checkpoint-trash	q3-06-static-one-gate-difference-pool-domino-sink-pre-gated-norm-b8-l5-1node-019-fromscratch-bs2-globalbs16-epoch2-gamma7-eval1k-20260910	epoch_0_step_35000-20260910-211723	271045148	1789074266	dflash	cfg	tstate
cache/checkpoint-trash	q3-06-static-one-gate-difference-pool-domino-sink-pre-gated-norm-b8-l5-1node-019-fromscratch-bs2-globalbs16-epoch2-gamma7-eval1k-20260910	epoch_0_step_40000-20260910-213029	271045148	1789075043	dflash	cfg	tstate
cache/checkpoint-trash	q3-06-static-one-gate-difference-pool-domino-sink-pre-gated-norm-b8-l5-1node-019-fromscratch-bs2-globalbs16-epoch2-gamma7-eval1k-20260910	epoch_0_step_45000-20260910-214345	271045148	1789075829	dflash	cfg	tstate
cache/checkpoint-trash	q3-06-static-one-gate-difference-pool-domino-sink-pre-gated-norm-b8-l5-1node-019-fromscratch-bs2-globalbs16-epoch2-gamma7-eval1k-20260910	epoch_0_step_50000-20260910-215644	271045148	1789076625	dflash	cfg	tstate
cache/checkpoint-trash	q3-06-static-one-gate-difference-pool-domino-sink-pre-gated-norm-b8-l5-1node-019-fromscratch-bs2-globalbs16-epoch2-gamma7-eval1k-20260910	epoch_0_step_55000-20260910-220957	271045148	1789077404	dflash	cfg	tstate
cache/checkpoint-trash	q3-06-static-one-gate-difference-pool-domino-sink-pre-gated-norm-b8-l5-1node-019-fromscratch-bs2-globalbs16-epoch2-gamma7-eval1k-20260910	epoch_0_step_60000-20260910-222317	271045148	1789078197	dflash	cfg	tstate
cache/checkpoint-trash	q3-06-static-one-gate-difference-pool-domino-sink-pre-gated-norm-b8-l5-1node-019-fromscratch-bs2-globalbs16-epoch2-gamma7-eval1k-20260910	epoch_0_step_65000-20260910-223617	271045148	1789078997	dflash	cfg	tstate
cache/checkpoint-trash	q3-06-static-one-gate-difference-pool-domino-sink-pre-gated-norm-b8-l5-1node-019-fromscratch-bs2-globalbs16-epoch2-gamma7-eval1k-20260910	epoch_0_step_70000-20260910-224929	271045148	1789079777	dflash	cfg	tstate
cache/checkpoint-trash	q3-06-static-one-gate-difference-pool-domino-sink-pre-gated-norm-b8-l5-1node-019-fromscratch-bs2-globalbs16-epoch2-gamma7-eval1k-20260910	epoch_0_step_75000-20260910-230229	271045148	1789080569	dflash	cfg	tstate
cache/checkpoint-trash	q3-06-static-one-gate-difference-pool-domino-sink-pre-gated-norm-b8-l5-1node-019-fromscratch-bs2-globalbs16-epoch2-gamma7-eval1k-20260910	epoch_0_step_80000-20260910-231523	271045148	1789081349	dflash	cfg	tstate
cache/checkpoint-trash	q3-06-static-one-gate-difference-pool-domino-sink-pre-gated-norm-b8-l5-1node-019-fromscratch-bs2-globalbs16-epoch2-gamma7-eval1k-20260910	epoch_0_step_85000-20260910-232821	271045148	1789082123	dflash	cfg	tstate
cache/checkpoint-trash	q3-06-static-one-gate-difference-pool-domino-sink-pre-gated-norm-b8-l5-1node-019-fromscratch-bs2-globalbs16-epoch2-gamma7-eval1k-20260910	epoch_1_step_90000-20260910-234056	271045148	1789082901	dflash	cfg	tstate
cache/checkpoint-trash	q3-06-static-one-gate-difference-pool-domino-sink-pre-gated-norm-b8-l5-1node-019-fromscratch-bs2-globalbs16-epoch2-gamma7-eval1k-20260910	epoch_1_step_95000-20260910-235336	271045148	1789083656	dflash	cfg	tstate
cache/checkpoint-trash	q3-06-static-one-gate-difference-pool-domino-sink-pre-gated-norm-b8-l5-1node-019-fromscratch-bs2-globalbs16-epoch2-gamma7-eval1k-20260910	epoch_1_step_100000-20260911-000639	271045148	1789084416	dflash	cfg	tstate
cache/checkpoint-trash	q3-06-static-one-gate-difference-pool-domino-sink-pre-gated-norm-b8-l5-1node-019-fromscratch-bs2-globalbs16-epoch2-gamma7-eval1k-20260910	epoch_1_step_105000-20260911-001935	271045148	1789085199	dflash	cfg	tstate
cache/checkpoint-trash	q3-06-static-one-gate-difference-pool-domino-sink-pre-gated-norm-b8-l5-1node-019-fromscratch-bs2-globalbs16-epoch2-gamma7-eval1k-20260910	epoch_1_step_110000-20260911-003202	271045148	1789085975	dflash	cfg	tstate
cache/checkpoint-trash	q3-06-static-one-gate-difference-pool-domino-sink-pre-gated-norm-b8-l5-1node-019-fromscratch-bs2-globalbs16-epoch2-gamma7-eval1k-20260910	epoch_1_step_115000-20260911-004440	271045148	1789086722	dflash	cfg	tstate
cache/checkpoint-trash	q3-06-static-one-gate-difference-pool-domino-sink-pre-gated-norm-b8-l5-1node-019-fromscratch-bs2-globalbs16-epoch2-gamma7-eval1k-20260910	epoch_1_step_120000-20260911-005747	271045148	1789087480	dflash	cfg	tstate
cache/checkpoint-trash	q3-06-static-one-gate-difference-pool-domino-sink-pre-gated-norm-b8-l5-1node-019-fromscratch-bs2-globalbs16-epoch2-gamma7-eval1k-20260910	epoch_1_step_125000-20260911-011027	271045148	1789088267	dflash	cfg	tstate
cache/checkpoint-trash	q3-06-static-one-gate-difference-pool-domino-sink-gated-norm-b8-l5-1node-011-fromscratch-bs2-globalbs16-epoch2-gamma7-eval1k-20260911	epoch_0_step_5000-20260911-025048	271045148	1789094259	dflash	cfg	tstate
cache/checkpoint-trash	q3-06-static-one-gate-difference-pool-domino-sink-gated-norm-b8-l5-1node-011-fromscratch-bs2-globalbs16-epoch2-gamma7-eval1k-20260911	epoch_0_step_10000-20260911-032312	271045148	1789095048	dflash	cfg	tstate
cache/checkpoint-trash	q3-06-static-one-gate-difference-pool-domino-sink-gated-norm-b8-l5-1node-011-fromscratch-bs2-globalbs16-epoch2-gamma7-eval1k-20260911	epoch_0_step_15000-20260911-033623	271045148	1789096992	dflash	cfg	tstate
cache/checkpoint-trash	q3-06-static-one-gate-difference-pool-domino-sink-gated-norm-b8-l5-1node-011-fromscratch-bs2-globalbs16-epoch2-gamma7-eval1k-20260911	epoch_0_step_20000-20260911-034935	271045148	1789097782	dflash	cfg	tstate
cache/checkpoint-trash	q3-06-static-one-gate-difference-pool-domino-sink-gated-norm-b8-l5-1node-011-fromscratch-bs2-globalbs16-epoch2-gamma7-eval1k-20260911	epoch_0_step_25000-20260911-040241	271045148	1789098575	dflash	cfg	tstate
cache/checkpoint-trash	q3-06-static-one-gate-difference-pool-domino-sink-gated-norm-b8-l5-1node-011-fromscratch-bs2-globalbs16-epoch2-gamma7-eval1k-20260911	epoch_0_step_30000-20260911-041557	271045148	1789099361	dflash	cfg	tstate
cache/checkpoint-trash	q3-06-static-one-gate-difference-pool-domino-sink-gated-norm-b8-l5-1node-011-fromscratch-bs2-globalbs16-epoch2-gamma7-eval1k-20260911	epoch_0_step_35000-20260911-042906	271045148	1789100157	dflash	cfg	tstate
cache/checkpoint-trash	q3-06-static-one-gate-difference-pool-domino-sink-gated-norm-b8-l5-1node-011-fromscratch-bs2-globalbs16-epoch2-gamma7-eval1k-20260911	epoch_0_step_40000-20260911-045438	271045148	1789100946	dflash	cfg	tstate
cache/checkpoint-trash	q3-06-static-one-gate-difference-pool-domino-sink-gated-norm-b8-l5-1node-011-fromscratch-bs2-globalbs16-epoch2-gamma7-eval1k-20260911	epoch_0_step_45000-20260911-051013	271045148	1789102478	dflash	cfg	tstate
cache/checkpoint-trash	q3-06-static-one-gate-difference-pool-domino-sink-gated-norm-b8-l5-1node-011-fromscratch-bs2-globalbs16-epoch2-gamma7-eval1k-20260911	epoch_0_step_50000-20260911-052328	271045148	1789103413	dflash	cfg	tstate
cache/checkpoint-trash	q3-06-static-one-gate-difference-pool-domino-sink-b8-l5-1node-011-fromscratch-bs2-globalbs16-epoch2-gamma7-eval1k-20260911	epoch_0_step_5000-20260911-055505	269734212	1789105315	dflash	cfg	tstate
cache/checkpoint-trash	q3-06-static-one-gate-difference-pool-domino-sink-b8-l5-1node-011-fromscratch-bs2-globalbs16-epoch2-gamma7-eval1k-20260911	epoch_0_step_10000-20260911-060813	269734212	1789106105	dflash	cfg	tstate
cache/checkpoint-trash	q3-06-static-one-gate-difference-pool-domino-sink-b8-l5-1node-011-fromscratch-bs2-globalbs16-epoch2-gamma7-eval1k-20260911	epoch_0_step_15000-20260911-062123	269734212	1789106893	dflash	cfg	tstate
cache/checkpoint-trash	q3-06-static-one-gate-difference-pool-domino-sink-b8-l5-1node-011-fromscratch-bs2-globalbs16-epoch2-gamma7-eval1k-20260911	epoch_0_step_20000-20260911-063428	269734212	1789107683	dflash	cfg	tstate
cache/checkpoint-trash	q3-06-static-one-gate-difference-pool-domino-sink-b8-l5-1node-011-fromscratch-bs2-globalbs16-epoch2-gamma7-eval1k-20260911	epoch_0_step_25000-20260911-064738	269734212	1789108468	dflash	cfg	tstate
cache/checkpoint-trash	q3-06-static-one-gate-difference-pool-domino-sink-b8-l5-1node-011-fromscratch-bs2-globalbs16-epoch2-gamma7-eval1k-20260911	epoch_0_step_30000-20260911-070050	269734212	1789109258	dflash	cfg	tstate
cache/checkpoint-trash	q3-06-static-one-gate-difference-pool-domino-b8-l5-1node-011-fromscratch-bs2-globalbs16-epoch2-gamma7-eval1k-20260911	epoch_0_step_5000-20260911-073018	269723866	1789111041	dflash	cfg	tstate
cache/checkpoint-trash	q3-06-static-one-gate-difference-pool-domino-b8-l5-1node-011-fromscratch-bs2-globalbs16-epoch2-gamma7-eval1k-20260911	epoch_0_step_10000-20260911-074310	269723866	1789111818	dflash	cfg	tstate
cache/checkpoint-trash	q3-06-static-one-gate-difference-pool-domino-b8-l5-1node-011-fromscratch-bs2-globalbs16-epoch2-gamma7-eval1k-20260911	epoch_0_step_15000-20260911-075606	269723866	1789112590	dflash	cfg	tstate
cache/checkpoint-trash	q3-06-static-one-gate-difference-pool-domino-b8-l5-1node-011-fromscratch-bs2-globalbs16-epoch2-gamma7-eval1k-20260911	epoch_0_step_20000-20260911-080900	269723866	1789113366	dflash	cfg	tstate
cache/checkpoint-trash	q3-06-static-one-gate-difference-pool-domino-b8-l5-1node-011-fromscratch-bs2-globalbs16-epoch2-gamma7-eval1k-20260911	epoch_0_step_25000-20260911-082154	269723866	1789114140	dflash	cfg	tstate
cache/checkpoint-trash	q3-06-static-one-gate-difference-pool-domino-b8-l5-1node-011-fromscratch-bs2-globalbs16-epoch2-gamma7-eval1k-20260911	epoch_0_step_30000-20260911-083451	269723866	1789114914	dflash	cfg	tstate
cache/checkpoint-trash	q3-06-static-one-gate-difference-pool-domino-b8-l5-1node-011-fromscratch-bs2-globalbs16-epoch2-gamma7-eval1k-20260911	epoch_0_step_35000-20260911-084746	269723866	1789115691	dflash	cfg	tstate
cache/checkpoint-trash	q3-06-static-one-gate-difference-pool-domino-b8-l5-1node-011-fromscratch-bs2-globalbs16-epoch2-gamma7-eval1k-20260911	epoch_0_step_40000-20260911-090038	269723866	1789116466	dflash	cfg	tstate
cache/checkpoint-trash	q3-06-static-one-gate-difference-pool-domino-b8-l5-1node-011-fromscratch-bs2-globalbs16-epoch2-gamma7-eval1k-20260911	epoch_0_step_45000-20260911-091331	269723866	1789117238	dflash	cfg	tstate
cache/checkpoint-trash	q3-06-static-one-gate-difference-pool-domino-b8-l5-1node-011-fromscratch-bs2-globalbs16-epoch2-gamma7-eval1k-20260911	epoch_0_step_50000-20260911-092626	269723866	1789118011	dflash	cfg	tstate
cache/checkpoint-trash	q3-06-static-one-gate-difference-pool-domino-b8-l5-1node-011-fromscratch-bs2-globalbs16-epoch2-gamma7-eval1k-20260911	epoch_0_step_55000-20260911-093922	269723866	1789118786	dflash	cfg	tstate
cache/checkpoint-trash	q3-06-static-one-gate-difference-pool-domino-b8-l5-1node-011-fromscratch-bs2-globalbs16-epoch2-gamma7-eval1k-20260911	epoch_0_step_60000-20260911-095217	269723866	1789119562	dflash	cfg	tstate
cache/checkpoint-trash	q3-06-static-one-gate-difference-pool-domino-b8-l5-1node-011-fromscratch-bs2-globalbs16-epoch2-gamma7-eval1k-20260911	epoch_0_step_65000-20260911-100512	269723866	1789120337	dflash	cfg	tstate
cache/checkpoint-trash	q3-06-static-one-gate-difference-pool-domino-b8-l5-1node-011-fromscratch-bs2-globalbs16-epoch2-gamma7-eval1k-20260911	epoch_0_step_70000-20260911-101807	269723866	1789121112	dflash	cfg	tstate
cache/checkpoint-trash	q3-06-static-one-gate-difference-pool-domino-b8-l5-1node-011-fromscratch-bs2-globalbs16-epoch2-gamma7-eval1k-20260911	epoch_0_step_75000-20260911-103105	269723866	1789121887	dflash	cfg	tstate
cache/checkpoint-trash	q3-06-static-one-gate-difference-pool-domino-b8-l5-1node-011-fromscratch-bs2-globalbs16-epoch2-gamma7-eval1k-20260911	epoch_0_step_80000-20260911-104401	269723866	1789122665	dflash	cfg	tstate
cache/checkpoint-trash	q3-06-static-one-gate-difference-pool-domino-b8-l5-1node-011-fromscratch-bs2-globalbs16-epoch2-gamma7-eval1k-20260911	epoch_0_step_85000-20260911-105658	269723866	1789123441	dflash	cfg	tstate
cache/checkpoint-trash	q3-06-static-one-gate-difference-pool-domino-b8-l5-1node-011-fromscratch-bs2-globalbs16-epoch2-gamma7-eval1k-20260911	epoch_1_step_90000-20260911-110956	269723866	1789124218	dflash	cfg	tstate
cache/checkpoint-trash	q3-06-static-one-gate-difference-pool-domino-b8-l5-1node-011-fromscratch-bs2-globalbs16-epoch2-gamma7-eval1k-20260911	epoch_1_step_95000-20260911-112253	269723866	1789124996	dflash	cfg	tstate
cache/checkpoint-trash	q3-06-static-one-gate-difference-pool-domino-b8-l5-1node-011-fromscratch-bs2-globalbs16-epoch2-gamma7-eval1k-20260911	epoch_1_step_100000-20260911-113546	269723866	1789125773	dflash	cfg	tstate
cache/checkpoint-trash	q3-06-static-one-gate-difference-pool-domino-b8-l5-1node-011-fromscratch-bs2-globalbs16-epoch2-gamma7-eval1k-20260911	epoch_1_step_105000-20260911-114844	269723866	1789126546	dflash	cfg	tstate
cache/checkpoint-trash	q3-06-static-one-gate-difference-pool-domino-b8-l5-1node-011-fromscratch-bs2-globalbs16-epoch2-gamma7-eval1k-20260911	epoch_1_step_110000-20260911-120142	269723866	1789127324	dflash	cfg	tstate
cache/checkpoint-trash	q3-06-static-one-gate-difference-pool-domino-b8-l5-1node-011-fromscratch-bs2-globalbs16-epoch2-gamma7-eval1k-20260911	epoch_1_step_115000-20260911-121443	269723866	1789128102	dflash	cfg	tstate
cache/checkpoint-trash	q3-06-static-one-gate-difference-pool-domino-b8-l5-1node-011-fromscratch-bs2-globalbs16-epoch2-gamma7-eval1k-20260911	epoch_1_step_120000-20260911-122738	269723866	1789128883	dflash	cfg	tstate
cache/checkpoint-trash	q3-06-static-one-gate-difference-pool-domino-b8-l5-1node-011-fromscratch-bs2-globalbs16-epoch2-gamma7-eval1k-20260911	epoch_1_step_125000-20260911-124039	269723866	1789129658	dflash	cfg	tstate
cache/checkpoint-trash	q3-06-static-one-gate-difference-pool-domino-b8-l5-1node-011-fromscratch-bs2-globalbs16-epoch2-gamma7-eval1k-20260911	epoch_1_step_130000-20260911-125337	269723866	1789130439	dflash	cfg	tstate
cache/checkpoint-trash	q3-06-static-one-gate-difference-pool-domino-b8-l5-1node-011-fromscratch-bs2-globalbs16-epoch2-gamma7-eval1k-20260911	epoch_1_step_135000-20260911-130635	269723866	1789131217	dflash	cfg	tstate
/data/guorui/checkpoint-trash	qwen3-4b-static-non-pre-norm-difference-pool-domino-all36-b16-l5-6node-050809101112-bs1-epoch6-ar-eval-20260809	epoch_0_step_15000-20260810-015046	1163422598	1786296569	dflash	cfg	tstate
/data/guorui/checkpoint-trash	qwen3-4b-static-non-pre-norm-difference-pool-domino-all36-b16-l5-6node-050809101112-bs1-epoch6-ar-eval-20260809	epoch_3_step_105000-20260810-081422	1163422598	1786319584	dflash	cfg	tstate
/data/guorui/checkpoint-trash	qwen3-4b-static-non-pre-norm-difference-pool-domino-all36-b16-l5-6node-050809101112-bs1-epoch6-ar-eval-20260809	epoch_1_step_30000-20260810-025437	1163422598	1786300404	dflash	cfg	tstate
/data/guorui/checkpoint-trash	qwen3-4b-static-non-pre-norm-difference-pool-domino-all36-b16-l5-6node-050809101112-bs1-epoch6-ar-eval-20260809	epoch_2_step_75000-20260810-060621	1163422598	1786311907	dflash	cfg	tstate
/data/guorui/checkpoint-trash	qwen3-4b-static-non-pre-norm-difference-pool-domino-all36-b16-l5-6node-050809101112-bs1-epoch6-ar-eval-20260809	epoch_3_step_95000-20260810-073146	1163422598	1786317021	dflash	cfg	tstate
/data/guorui/checkpoint-trash	qwen3-4b-static-non-pre-norm-difference-pool-domino-all36-b16-l5-6node-050809101112-bs1-epoch6-ar-eval-20260809	epoch_0_step_10000-20260810-012929	1163422598	1786295287	dflash	cfg	tstate
/data/guorui/checkpoint-trash	qwen3-4b-static-non-pre-norm-difference-pool-domino-all36-b16-l5-6node-050809101112-bs1-epoch6-ar-eval-20260809	epoch_3_step_100000-20260810-075305	1163422598	1786318306	dflash	cfg	tstate
/data/guorui/checkpoint-trash	qwen3-4b-static-non-pre-norm-difference-pool-domino-all36-b16-l5-6node-050809101112-bs1-epoch6-ar-eval-20260809	epoch_2_step_70000-20260810-054507	1163422598	1786310620	dflash	cfg	tstate
/data/guorui/checkpoint-trash	qwen3-4b-static-non-pre-norm-difference-pool-domino-all36-b16-l5-6node-050809101112-bs1-epoch6-ar-eval-20260809	epoch_2_step_55000-20260810-044109	1163422598	1786306784	dflash	cfg	tstate
/data/guorui/checkpoint-trash	qwen3-4b-static-non-pre-norm-difference-pool-domino-all36-b16-l5-6node-050809101112-bs1-epoch6-ar-eval-20260809	epoch_0_step_5000-20260810-010807	1163422598	1786294026	dflash	cfg	tstate
/data/guorui/checkpoint-trash	qwen3-4b-static-non-pre-norm-difference-pool-domino-all36-b16-l5-6node-050809101112-bs1-epoch6-ar-eval-20260809	epoch_3_step_80000-20260810-062745	1163422598	1786313181	dflash	cfg	tstate
/data/guorui/checkpoint-trash	qwen3-4b-static-non-pre-norm-difference-pool-domino-all36-b16-l5-6node-050809101112-bs1-epoch6-ar-eval-20260809	epoch_1_step_45000-20260810-035829	1163422598	1786304236	dflash	cfg	tstate
/data/guorui/checkpoint-trash	qwen3-4b-static-non-pre-norm-difference-pool-domino-all36-b16-l5-6node-050809101112-bs1-epoch6-ar-eval-20260809	epoch_1_step_35000-20260810-031552	1163422598	1786301677	dflash	cfg	tstate
/data/guorui/checkpoint-trash	qwen3-4b-static-non-pre-norm-difference-pool-domino-all36-b16-l5-6node-050809101112-bs1-epoch6-ar-eval-20260809	epoch_2_step_65000-20260810-052340	1163422598	1786309342	dflash	cfg	tstate
/data/guorui/checkpoint-trash	qwen3-4b-static-non-pre-norm-difference-pool-domino-all36-b16-l5-6node-050809101112-bs1-epoch6-ar-eval-20260809	epoch_0_step_25000-20260810-023324	1163422598	1786299118	dflash	cfg	tstate
/data/guorui/checkpoint-trash	qwen3-4b-static-non-pre-norm-difference-pool-domino-all36-b16-l5-6node-050809101112-bs1-epoch6-ar-eval-20260809	epoch_4_step_115000-20260810-085711	1163422598	1786322150	dflash	cfg	tstate
/data/guorui/checkpoint-trash	qwen3-4b-static-non-pre-norm-difference-pool-domino-all36-b16-l5-6node-050809101112-bs1-epoch6-ar-eval-20260809	epoch_3_step_85000-20260810-064905	1163422598	1786314464	dflash	cfg	tstate
/data/guorui/checkpoint-trash	qwen3-4b-static-non-pre-norm-difference-pool-domino-all36-b16-l5-6node-050809101112-bs1-epoch6-ar-eval-20260809	epoch_1_step_40000-20260810-033717	1163422598	1786302952	dflash	cfg	tstate
/data/guorui/checkpoint-trash	qwen3-4b-static-non-pre-norm-difference-pool-domino-all36-b16-l5-6node-050809101112-bs1-epoch6-ar-eval-20260809	epoch_4_step_110000-20260810-083550	1163422598	1786320862	dflash	cfg	tstate
/data/guorui/checkpoint-trash	qwen3-4b-static-non-pre-norm-difference-pool-domino-all36-b16-l5-6node-050809101112-bs1-epoch6-ar-eval-20260809	epoch_0_step_20000-20260810-021158	1163422598	1786297846	dflash	cfg	tstate
/data/guorui/checkpoint-trash	qwen3-4b-static-non-pre-norm-difference-pool-domino-all36-b16-l5-6node-050809101112-bs1-epoch6-ar-eval-20260809	epoch_1_step_50000-20260810-041944	1163422598	1786305508	dflash	cfg	tstate
/data/guorui/checkpoint-trash	qwen3-4b-static-non-pre-norm-difference-pool-domino-all36-b16-l5-6node-050809101112-bs1-epoch6-ar-eval-20260809	epoch_2_step_60000-20260810-050222	1163422598	1786308068	dflash	cfg	tstate
/data/guorui/checkpoint-trash	qwen3-4b-static-non-pre-norm-difference-pool-domino-all36-b16-l5-6node-050809101112-bs1-epoch6-ar-eval-20260809	epoch_3_step_90000-20260810-071021	1163422598	1786315744	dflash	cfg	tstate
/data/guorui/checkpoint-trash	qwen3-4b-static-non-pre-norm-residual-stream-difference-pool-domino-all36-b16-l5-6node-050809101112-bs2-epoch4-ar-eval-20260810	epoch_1_step_25000-20260811-065601	1163423318	1786399869	dflash	cfg	tstate
/data/guorui/checkpoint-trash	qwen3-4b-static-non-pre-norm-residual-stream-difference-pool-domino-all36-b16-l5-6node-050809101112-bs2-epoch4-ar-eval-20260810	epoch_2_step_35000-20260811-082538	1163423318	1786405243	dflash	cfg	tstate
/data/guorui/checkpoint-trash	qwen3-4b-static-non-pre-norm-residual-stream-difference-pool-domino-all36-b16-l5-6node-050809101112-bs2-epoch4-ar-eval-20260810	epoch_3_step_40000-20260811-091021	1163423318	1786407937	dflash	cfg	tstate
/data/guorui/checkpoint-trash	qwen3-4b-static-non-pre-norm-residual-stream-difference-pool-domino-all36-b16-l5-6node-050809101112-bs2-epoch4-ar-eval-20260810	epoch_2_step_30000-20260811-074043	1163423318	1786402561	dflash	cfg	tstate
/data/guorui/checkpoint-trash	qwen3-4b-static-non-pre-norm-residual-stream-difference-pool-domino-all36-b16-l5-6node-050809101112-bs2-epoch4-ar-eval-20260810	epoch_0_step_5000-20260811-035646	1163423318	1786389133	dflash	cfg	tstate
/data/guorui/checkpoint-trash	qwen3-4b-static-non-pre-norm-residual-stream-difference-pool-domino-all36-b16-l5-6node-050809101112-bs2-epoch4-ar-eval-20260810	epoch_1_step_20000-20260811-061110	1163423318	1786397185	dflash	cfg	tstate
/data/guorui/checkpoint-trash	qwen3-4b-static-non-pre-norm-residual-stream-difference-pool-domino-all36-b16-l5-6node-050809101112-bs2-epoch4-ar-eval-20260810	epoch_1_step_15000-20260811-052625	1163423318	1786394499	dflash	cfg	tstate
/data/guorui/checkpoint-trash	qwen3-4b-static-non-pre-norm-residual-stream-difference-pool-domino-all36-b16-l5-6node-050809101112-bs2-epoch4-ar-eval-20260810	epoch_0_step_10000-20260811-044139	1163423318	1786391805	dflash	cfg	tstate
/data/guorui/checkpoint-trash	qwen3-4b-residual-static-gate-pool-domino-shared-q-all36-b16-l5-5node-0509101112-bs2-epoch4-ar-eval-20260814	epoch_0_step_15000-20260814-042450	1163499018	1786650118	dflash	cfg	tstate
/data/guorui/checkpoint-trash	qwen3-4b-residual-static-gate-pool-domino-shared-q-all36-b16-l5-5node-0509101112-bs2-epoch4-ar-eval-20260814	epoch_1_step_20000-20260814-050726	1163499018	1786652690	dflash	cfg	tstate
/data/guorui/checkpoint-trash	qwen3-4b-residual-static-gate-pool-domino-shared-q-all36-b16-l5-5node-0509101112-bs2-epoch4-ar-eval-20260814	epoch_0_step_10000-20260814-034158	1163499018	1786647569	dflash	cfg	tstate
/data/guorui/checkpoint-trash	qwen3-4b-residual-static-gate-pool-domino-shared-q-all36-b16-l5-5node-0509101112-bs2-epoch4-ar-eval-20260814	epoch_2_step_40000-20260814-075803	1163499018	1786662923	dflash	cfg	tstate
/data/guorui/checkpoint-trash	qwen3-4b-residual-static-gate-pool-domino-shared-q-all36-b16-l5-5node-0509101112-bs2-epoch4-ar-eval-20260814	epoch_2_step_45000-20260814-084036	1163499018	1786665482	dflash	cfg	tstate
/data/guorui/checkpoint-trash	qwen3-4b-residual-static-gate-pool-domino-shared-q-all36-b16-l5-5node-0509101112-bs2-epoch4-ar-eval-20260814	epoch_3_step_50000-20260814-092310	1163499018	1786668036	dflash	cfg	tstate
/data/guorui/checkpoint-trash	qwen3-4b-residual-static-gate-pool-domino-shared-q-all36-b16-l5-5node-0509101112-bs2-epoch4-ar-eval-20260814	epoch_2_step_35000-20260814-071523	1163499018	1786660358	dflash	cfg	tstate
/data/guorui/checkpoint-trash	qwen3-4b-residual-static-gate-pool-domino-shared-q-all36-b16-l5-5node-0509101112-bs2-epoch4-ar-eval-20260814	epoch_1_step_25000-20260814-055001	1163499018	1786655245	dflash	cfg	tstate
/data/guorui/checkpoint-trash	qwen3-4b-residual-static-gate-pool-domino-shared-q-all36-b16-l5-5node-0509101112-bs2-epoch4-ar-eval-20260814	epoch_1_step_30000-20260814-063238	1163499018	1786657800	dflash	cfg	tstate
/data/guorui/checkpoint-trash	qwen3-4b-residual-static-gate-pool-domino-shared-q-all36-b16-l5-5node-0509101112-bs2-epoch4-ar-eval-20260814	epoch_0_step_5000-20260814-025929	1163499018	1786645034	dflash	cfg	tstate
/data/guorui/checkpoint-trash	qwen3-4b-query-anchor-static-non-pre-norm-one-gate-difference-pool-domino-all36-b16-l5-6node-050809101112-bs1-epoch1-ar-eval-20260808	epoch_0_step_5000-20260809-020129	1163422050	1786210900	dflash	cfg	tstate
/data/guorui/checkpoint-trash	qwen3-4b-query-anchor-static-non-pre-norm-one-gate-difference-pool-domino-all36-b16-l5-6node-050809101112-bs1-epoch1-ar-eval-20260808	epoch_0_step_15000-20260809-024140	1163422050	1786213295	dflash	cfg	tstate
/data/guorui/checkpoint-trash	qwen3-4b-query-anchor-static-non-pre-norm-one-gate-difference-pool-domino-all36-b16-l5-6node-050809101112-bs1-epoch1-ar-eval-20260808	epoch_0_step_20000-20260809-030138	1163422050	1786214500	dflash	cfg	tstate
/data/guorui/checkpoint-trash	qwen3-4b-query-anchor-static-non-pre-norm-one-gate-difference-pool-domino-all36-b16-l5-6node-050809101112-bs1-epoch1-ar-eval-20260808	epoch_0_step_10000-20260809-022135	1163422050	1786212089	dflash	cfg	tstate
/data/guorui/checkpoint-trash	qwen3-4b-two-dim-difference-linear-pure-pool-domino-all36-b16-l5-2node-0509-bs2acc1-epoch4-ar-eval-20260804	epoch_0_step_5000-20260804-224014	1165665902	1785851354	dflash	cfg	tstate
/data/guorui/checkpoint-trash	qwen3-4b-fork-domino-full31-n8-noeval-metrics-action4-v2-base150k-lr5e5-2node-0509-20260818	epoch_0_step_5000-20260818-080736	1192260196	1787009352	dflash	cfg	tstate
/data/guorui/checkpoint-trash	qwen3-4b-domino-all36-draft-layer-gate-layerwise-rmsnorm-lowrank-r1024-b16-step3p5-perfectblend-mix-4node-051011-bs2acc1-epoch4-eval1k-20260729-rerun	epoch_0_step_8000-20260730-025054	1488669368	1785350049	dflash	cfg	tstate
/data/guorui/checkpoint-trash	qwen3-4b-domino-all36-draft-layer-gate-layerwise-rmsnorm-lowrank-r1024-b16-step3p5-perfectblend-mix-4node-051011-bs2acc1-epoch4-eval1k-20260729-rerun	epoch_0_step_2000-20260730-020033	1488669368	1785347041	dflash	cfg	tstate
/data/guorui/checkpoint-trash	qwen3-4b-domino-all36-draft-layer-gate-layerwise-rmsnorm-lowrank-r1024-b16-step3p5-perfectblend-mix-4node-051011-bs2acc1-epoch4-eval1k-20260729-rerun	epoch_0_step_6000-20260730-023409	1488669368	1785349038	dflash	cfg	tstate
/data/guorui/checkpoint-trash	qwen3-4b-domino-all36-draft-layer-gate-layerwise-rmsnorm-lowrank-r1024-b16-step3p5-perfectblend-mix-4node-051011-bs2acc1-epoch4-eval1k-20260729-rerun	epoch_0_step_4000-20260730-021718	1488669368	1785348033	dflash	cfg	tstate
/data/guorui/checkpoint-trash	qwen3-4b-pure-pool-independent-kv-domino-all36-b16-l7-step3p5-perfectblend-mix-node10-bs2acc1-epoch4-ar-eval-20260804	epoch_0_step_5000-20260804-030035	1589758480	1785781034	dflash	cfg	tstate
/data/guorui/checkpoint-trash	qwen3-4b-pure-pool-independent-kv-domino-all36-b16-l7-step3p5-perfectblend-mix-node10-bs2acc1-epoch4-ar-eval-20260804	epoch_2_step_40000-20260804-080548	1589758480	1785799332	dflash	cfg	tstate
/data/guorui/checkpoint-trash	qwen3-4b-pure-pool-independent-kv-domino-all36-b16-l7-step3p5-perfectblend-mix-node10-bs2acc1-epoch4-ar-eval-20260804	epoch_1_step_35000-20260804-072213	1589758480	1785796716	dflash	cfg	tstate
/data/guorui/checkpoint-trash	qwen3-4b-pure-pool-independent-kv-domino-all36-b16-l7-step3p5-perfectblend-mix-node10-bs2acc1-epoch4-ar-eval-20260804	epoch_1_step_20000-20260804-051120	1589758480	1785788864	dflash	cfg	tstate
/data/guorui/checkpoint-trash	qwen3-4b-pure-pool-independent-kv-domino-all36-b16-l7-step3p5-perfectblend-mix-node10-bs2acc1-epoch4-ar-eval-20260804	epoch_0_step_15000-20260804-042744	1589758480	1785786249	dflash	cfg	tstate
/data/guorui/checkpoint-trash	qwen3-4b-pure-pool-independent-kv-domino-all36-b16-l7-step3p5-perfectblend-mix-node10-bs2acc1-epoch4-ar-eval-20260804	epoch_0_step_10000-20260804-034410	1589758480	1785783635	dflash	cfg	tstate
/data/guorui/checkpoint-trash	qwen3-4b-pure-pool-independent-kv-domino-all36-b16-l7-step3p5-perfectblend-mix-node10-bs2acc1-epoch4-ar-eval-20260804	epoch_1_step_30000-20260804-063836	1589758480	1785794095	dflash	cfg	tstate
/data/guorui/checkpoint-trash	qwen3-4b-pure-pool-independent-kv-domino-all36-b16-l7-step3p5-perfectblend-mix-node10-bs2acc1-epoch4-ar-eval-20260804	epoch_1_step_25000-20260804-055456	1589758480	1785791480	dflash	cfg	tstate
/data/guorui/checkpoint-trash	qwen3-4b-pure-pool-independent-kv-domino-all36-b16-l7-step3p5-perfectblend-mix-node10-bs2acc1-epoch4-ar-eval-20260804	epoch_2_step_45000-20260804-084923	1589758480	1785801947	dflash	cfg	tstate
/data/guorui/checkpoint-trash	qwen3-4b-residual-static-gate-pool-domino-beta0-all36-b16-l5-2node-0512-bs2-epoch4-ar-eval-20260813	epoch_0_step_5000-20260813-233116	1268357162	1786632625	dflash	cfg	tstate
/data/guorui/checkpoint-trash	qwen3-4b-residual-static-gate-pool-domino-shared-q-causal-block-all36-b16-l7-2node-0509-bs2-epoch4-ar-eval-20260814	epoch_2_step_115000-20260815-210710	1588207014	1786796325	dflash	cfg	tstate
/data/guorui/checkpoint-trash	qwen3-4b-residual-static-gate-pool-domino-shared-q-causal-block-all36-b16-l7-2node-0509-bs2-epoch4-ar-eval-20260814	epoch_0_step_15000-20260815-045852	1588207014	1786738228	dflash	cfg	tstate
/data/guorui/checkpoint-trash	qwen3-4b-residual-static-gate-pool-domino-shared-q-causal-block-all36-b16-l7-2node-0509-bs2-epoch4-ar-eval-20260814	epoch_1_step_60000-20260815-121425	1588207014	1786764359	dflash	cfg	tstate
/data/guorui/checkpoint-trash	qwen3-4b-residual-static-gate-pool-domino-shared-q-causal-block-all36-b16-l7-2node-0509-bs2-epoch4-ar-eval-20260814	epoch_3_step_145000-20260816-015749	1588207014	1786813760	dflash	cfg	tstate
/data/guorui/checkpoint-trash	qwen3-4b-residual-static-gate-pool-domino-shared-q-causal-block-all36-b16-l7-2node-0509-bs2-epoch4-ar-eval-20260814	epoch_3_step_155000-20260816-031538	1588207014	1786819580	dflash	cfg	tstate
/data/guorui/checkpoint-trash	qwen3-4b-residual-static-gate-pool-domino-shared-q-causal-block-all36-b16-l7-2node-0509-bs2-epoch4-ar-eval-20260814	epoch_0_step_25000-20260815-063533	1588207014	1786744027	dflash	cfg	tstate
/data/guorui/checkpoint-trash	qwen3-4b-residual-static-gate-pool-domino-shared-q-causal-block-all36-b16-l7-2node-0509-bs2-epoch4-ar-eval-20260814	epoch_2_step_85000-20260815-161636	1588207014	1786778891	dflash	cfg	tstate
/data/guorui/checkpoint-trash	qwen3-4b-residual-static-gate-pool-domino-shared-q-causal-block-all36-b16-l7-2node-0509-bs2-epoch4-ar-eval-20260814	epoch_0_step_20000-20260815-054707	1588207014	1786741131	dflash	cfg	tstate
/data/guorui/checkpoint-trash	qwen3-4b-residual-static-gate-pool-domino-shared-q-causal-block-all36-b16-l7-2node-0509-bs2-epoch4-ar-eval-20260814	epoch_2_step_95000-20260815-175325	1588207014	1786784696	dflash	cfg	tstate
/data/guorui/checkpoint-trash	qwen3-4b-residual-static-gate-pool-domino-shared-q-causal-block-all36-b16-l7-2node-0509-bs2-epoch4-ar-eval-20260814	epoch_3_step_120000-20260815-215532	1588207014	1786799229	dflash	cfg	tstate
/data/guorui/checkpoint-trash	qwen3-4b-residual-static-gate-pool-domino-shared-q-causal-block-all36-b16-l7-2node-0509-bs2-epoch4-ar-eval-20260814	epoch_0_step_35000-20260815-081224	1588207014	1786749837	dflash	cfg	tstate
/data/guorui/checkpoint-trash	qwen3-4b-residual-static-gate-pool-domino-shared-q-causal-block-all36-b16-l7-2node-0509-bs2-epoch4-ar-eval-20260814	epoch_2_step_90000-20260815-170457	1588207014	1786781796	dflash	cfg	tstate
/data/guorui/checkpoint-trash	qwen3-4b-residual-static-gate-pool-domino-shared-q-causal-block-all36-b16-l7-2node-0509-bs2-epoch4-ar-eval-20260814	epoch_1_step_65000-20260815-130248	1588207014	1786767264	dflash	cfg	tstate
/data/guorui/checkpoint-trash	qwen3-4b-residual-static-gate-pool-domino-shared-q-causal-block-all36-b16-l7-2node-0509-bs2-epoch4-ar-eval-20260814	epoch_2_step_100000-20260815-184151	1588207014	1786787605	dflash	cfg	tstate
/data/guorui/checkpoint-trash	qwen3-4b-residual-static-gate-pool-domino-shared-q-causal-block-all36-b16-l7-2node-0509-bs2-epoch4-ar-eval-20260814	epoch_3_step_135000-20260816-002055	1588207014	1786807941	dflash	cfg	tstate
/data/guorui/checkpoint-trash	qwen3-4b-residual-static-gate-pool-domino-shared-q-causal-block-all36-b16-l7-2node-0509-bs2-epoch4-ar-eval-20260814	epoch_2_step_105000-20260815-193020	1588207014	1786790510	dflash	cfg	tstate
/data/guorui/checkpoint-trash	qwen3-4b-residual-static-gate-pool-domino-shared-q-causal-block-all36-b16-l7-2node-0509-bs2-epoch4-ar-eval-20260814	epoch_0_step_10000-20260815-041028	1588207014	1786735324	dflash	cfg	tstate
/data/guorui/checkpoint-trash	qwen3-4b-residual-static-gate-pool-domino-shared-q-causal-block-all36-b16-l7-2node-0509-bs2-epoch4-ar-eval-20260814	epoch_1_step_45000-20260815-094914	1588207014	1786755647	dflash	cfg	tstate
/data/guorui/checkpoint-trash	qwen3-4b-residual-static-gate-pool-domino-shared-q-causal-block-all36-b16-l7-2node-0509-bs2-epoch4-ar-eval-20260814	epoch_1_step_75000-20260815-143950	1588207014	1786773078	dflash	cfg	tstate
/data/guorui/checkpoint-trash	qwen3-4b-residual-static-gate-pool-domino-shared-q-causal-block-all36-b16-l7-2node-0509-bs2-epoch4-ar-eval-20260814	epoch_2_step_80000-20260815-152811	1588207014	1786775990	dflash	cfg	tstate
/data/guorui/checkpoint-trash	qwen3-4b-residual-static-gate-pool-domino-shared-q-causal-block-all36-b16-l7-2node-0509-bs2-epoch4-ar-eval-20260814	epoch_3_step_140000-20260816-010920	1588207014	1786810854	dflash	cfg	tstate
/data/guorui/checkpoint-trash	qwen3-4b-residual-static-gate-pool-domino-shared-q-causal-block-all36-b16-l7-2node-0509-bs2-epoch4-ar-eval-20260814	epoch_1_step_70000-20260815-135118	1588207014	1786770167	dflash	cfg	tstate
/data/guorui/checkpoint-trash	qwen3-4b-residual-static-gate-pool-domino-shared-q-causal-block-all36-b16-l7-2node-0509-bs2-epoch4-ar-eval-20260814	epoch_3_step_150000-20260816-024621	1588207014	1786816669	dflash	cfg	tstate
/data/guorui/checkpoint-trash	qwen3-4b-residual-static-gate-pool-domino-shared-q-causal-block-all36-b16-l7-2node-0509-bs2-epoch4-ar-eval-20260814	epoch_3_step_125000-20260815-224354	1588207014	1786802132	dflash	cfg	tstate
/data/guorui/checkpoint-trash	qwen3-4b-residual-static-gate-pool-domino-shared-q-causal-block-all36-b16-l7-2node-0509-bs2-epoch4-ar-eval-20260814	epoch_1_step_50000-20260815-103740	1588207014	1786758553	dflash	cfg	tstate
/data/guorui/checkpoint-trash	qwen3-4b-residual-static-gate-pool-domino-shared-q-causal-block-all36-b16-l7-2node-0509-bs2-epoch4-ar-eval-20260814	epoch_3_step_130000-20260815-233221	1588207014	1786805034	dflash	cfg	tstate
/data/guorui/checkpoint-trash	qwen3-4b-residual-static-gate-pool-domino-shared-q-causal-block-all36-b16-l7-2node-0509-bs2-epoch4-ar-eval-20260814	epoch_0_step_5000-20260815-032205	1588207014	1786732437	dflash	cfg	tstate
/data/guorui/checkpoint-trash	qwen3-4b-residual-static-gate-pool-domino-shared-q-causal-block-all36-b16-l7-2node-0509-bs2-epoch4-ar-eval-20260814	epoch_2_step_110000-20260815-201846	1588207014	1786793419	dflash	cfg	tstate
/data/guorui/checkpoint-trash	qwen3-4b-residual-static-gate-pool-domino-shared-q-causal-block-all36-b16-l7-2node-0509-bs2-epoch4-ar-eval-20260814	epoch_1_step_40000-20260815-090047	1588207014	1786752743	dflash	cfg	tstate
/data/guorui/checkpoint-trash	qwen3-4b-residual-static-gate-pool-domino-shared-q-causal-block-all36-b16-l7-2node-0509-bs2-epoch4-ar-eval-20260814	epoch_1_step_55000-20260815-112600	1588207014	1786761459	dflash	cfg	tstate
/data/guorui/checkpoint-trash	qwen3-4b-residual-static-gate-pool-domino-shared-q-causal-block-all36-b16-l7-2node-0509-bs2-epoch4-ar-eval-20260814	epoch_0_step_30000-20260815-072357	1588207014	1786746932	dflash	cfg	tstate
/data/guorui/checkpoint-trash	qwen3-4b-pool-domino-all36-shared-semantic-ffn-r1024-b8-l7-step3p5-perfectblend-mix-3node-050809-bs2acc1-epoch4-ar-eval-20260731	epoch_3_step_95000-20260801-131910	1526847824	1785559255	dflash	cfg	tstate
/data/guorui/checkpoint-trash	qwen3-4b-pool-domino-all36-shared-semantic-ffn-r1024-b8-l7-step3p5-perfectblend-mix-3node-050809-bs2acc1-epoch4-ar-eval-20260731	epoch_1_step_30000-20260801-050353	1526847824	1785529541	dflash	cfg	tstate
/data/guorui/checkpoint-trash	qwen3-4b-pool-domino-all36-shared-semantic-ffn-r1024-b8-l7-step3p5-perfectblend-mix-3node-050809-bs2acc1-epoch4-ar-eval-20260731	epoch_3_step_90000-20260801-124055	1526847824	1785556961	dflash	cfg	tstate
/data/guorui/checkpoint-trash	qwen3-4b-pool-domino-all36-shared-semantic-ffn-r1024-b8-l7-step3p5-perfectblend-mix-3node-050809-bs2acc1-epoch4-ar-eval-20260731	epoch_3_step_105000-20260801-140814	1526847824	1785563835	dflash	cfg	tstate
/data/guorui/checkpoint-trash	qwen3-4b-pool-domino-all36-shared-semantic-ffn-r1024-b8-l7-step3p5-perfectblend-mix-3node-050809-bs2acc1-epoch4-ar-eval-20260731	epoch_1_step_50000-20260801-073604	1526847824	1785538677	dflash	cfg	tstate
/data/guorui/checkpoint-trash	qwen3-4b-pool-domino-all36-shared-semantic-ffn-r1024-b8-l7-step3p5-perfectblend-mix-3node-050809-bs2acc1-epoch4-ar-eval-20260731	epoch_2_step_70000-20260801-100826	1526847824	1785547817	dflash	cfg	tstate
/data/guorui/checkpoint-trash	qwen3-4b-pool-domino-all36-shared-semantic-ffn-r1024-b8-l7-step3p5-perfectblend-mix-3node-050809-bs2acc1-epoch4-ar-eval-20260731	epoch_3_step_85000-20260801-120241	1526847824	1785554678	dflash	cfg	tstate
/data/guorui/checkpoint-trash	qwen3-4b-pool-domino-all36-shared-semantic-ffn-r1024-b8-l7-step3p5-perfectblend-mix-3node-050809-bs2acc1-epoch4-ar-eval-20260731	epoch_3_step_80000-20260801-112438	1526847824	1785552400	dflash	cfg	tstate
/data/guorui/checkpoint-trash	qwen3-4b-pool-domino-all36-shared-semantic-ffn-r1024-b8-l7-step3p5-perfectblend-mix-3node-050809-bs2acc1-epoch4-ar-eval-20260731	epoch_0_step_25000-20260801-042541	1526847824	1785527255	dflash	cfg	tstate
/data/guorui/checkpoint-trash	qwen3-4b-pool-domino-all36-shared-semantic-ffn-r1024-b8-l7-step3p5-perfectblend-mix-3node-050809-bs2acc1-epoch4-ar-eval-20260731	epoch_1_step_45000-20260801-065757	1526847824	1785536393	dflash	cfg	tstate
/data/guorui/checkpoint-trash	qwen3-4b-pool-domino-all36-shared-semantic-ffn-r1024-b8-l7-step3p5-perfectblend-mix-3node-050809-bs2acc1-epoch4-ar-eval-20260731	epoch_3_step_100000-20260801-135716	1526847824	1785561550	dflash	cfg	tstate
/data/guorui/checkpoint-trash	qwen3-4b-pool-domino-all36-shared-semantic-ffn-r1024-b8-l7-step3p5-perfectblend-mix-3node-050809-bs2acc1-epoch4-ar-eval-20260731	epoch_0_step_20000-20260801-034735	1526847824	1785524974	dflash	cfg	tstate
/data/guorui/checkpoint-trash	qwen3-4b-pool-domino-all36-shared-semantic-ffn-r1024-b8-l7-step3p5-perfectblend-mix-3node-050809-bs2acc1-epoch4-ar-eval-20260731	epoch_1_step_35000-20260801-054151	1526847824	1785531833	dflash	cfg	tstate
/data/guorui/checkpoint-trash	qwen3-4b-pool-domino-all36-shared-semantic-ffn-r1024-b8-l7-step3p5-perfectblend-mix-3node-050809-bs2acc1-epoch4-ar-eval-20260731	epoch_2_step_60000-20260801-085208	1526847824	1785543249	dflash	cfg	tstate
/data/guorui/checkpoint-trash	qwen3-4b-pool-domino-all36-shared-semantic-ffn-r1024-b8-l7-step3p5-perfectblend-mix-3node-050809-bs2acc1-epoch4-ar-eval-20260731	epoch_2_step_55000-20260801-081409	1526847824	1785540964	dflash	cfg	tstate
/data/guorui/checkpoint-trash	qwen3-4b-pool-domino-all36-shared-semantic-ffn-r1024-b8-l7-step3p5-perfectblend-mix-3node-050809-bs2acc1-epoch4-ar-eval-20260731	epoch_2_step_75000-20260801-104640	1526847824	1785550106	dflash	cfg	tstate
/data/guorui/checkpoint-trash	qwen3-4b-pool-domino-all36-shared-semantic-ffn-r1024-b8-l7-step3p5-perfectblend-mix-3node-050809-bs2acc1-epoch4-ar-eval-20260731	epoch_1_step_40000-20260801-061953	1526847824	1785534111	dflash	cfg	tstate
/data/guorui/checkpoint-trash	qwen3-4b-pool-domino-all36-shared-semantic-ffn-r1024-b8-l7-step3p5-perfectblend-mix-3node-050809-bs2acc1-epoch4-ar-eval-20260731	epoch_0_step_5000-20260801-015252	1526847824	1785518090	dflash	cfg	tstate
/data/guorui/checkpoint-trash	qwen3-4b-pool-domino-all36-shared-semantic-ffn-r1024-b8-l7-step3p5-perfectblend-mix-3node-050809-bs2acc1-epoch4-ar-eval-20260731	epoch_0_step_10000-20260801-023106	1526847824	1785520372	dflash	cfg	tstate
/data/guorui/checkpoint-trash	qwen3-4b-pool-domino-all36-shared-semantic-ffn-r1024-b8-l7-step3p5-perfectblend-mix-3node-050809-bs2acc1-epoch4-ar-eval-20260731	epoch_0_step_15000-20260801-030934	1526847824	1785522666	dflash	cfg	tstate
/data/guorui/checkpoint-trash	qwen3-4b-pool-domino-all36-shared-semantic-ffn-r1024-b8-l7-step3p5-perfectblend-mix-3node-050809-bs2acc1-epoch4-ar-eval-20260731	epoch_2_step_65000-20260801-093017	1526847824	1785545528	dflash	cfg	tstate
/data/guorui/checkpoint-trash	qwen3-4b-context-block-q-static-non-pre-norm-one-gate-difference-pool-domino-all36-b16-l5-6node-050809101112-bs1-epoch1-ar-eval-retry2-20260808	epoch_0_step_25000-20260809-065758	1268280242	1786229420	dflash	cfg	tstate
/data/guorui/checkpoint-trash	qwen3-4b-context-block-q-static-non-pre-norm-one-gate-difference-pool-domino-all36-b16-l5-6node-050809101112-bs1-epoch1-ar-eval-retry2-20260808	epoch_0_step_15000-20260809-062209	1268280242	1786226035	dflash	cfg	tstate
/data/guorui/checkpoint-trash	qwen3-4b-context-block-q-static-non-pre-norm-one-gate-difference-pool-domino-all36-b16-l5-6node-050809101112-bs1-epoch1-ar-eval-retry2-20260808	epoch_0_step_10000-20260809-055356	1268280242	1786224355	dflash	cfg	tstate
/data/guorui/checkpoint-trash	qwen3-4b-context-block-q-static-non-pre-norm-one-gate-difference-pool-domino-all36-b16-l5-6node-050809101112-bs1-epoch1-ar-eval-retry2-20260808	epoch_0_step_20000-20260809-065020	1268280242	1786227728	dflash	cfg	tstate
/data/guorui/checkpoint-trash	qwen3-4b-context-block-q-static-non-pre-norm-one-gate-difference-pool-domino-all36-b16-l5-6node-050809101112-bs1-epoch1-ar-eval-retry2-20260808	epoch_0_step_5000-20260809-052555	1268280242	1786222680	dflash	cfg	tstate
/data/guorui/checkpoint-trash	qwen3-4b-static-non-pre-norm-difference-pool-domino-all36-b16-l3-6node-050809101112-bs1-epoch4-ar-eval-20260809	epoch_1_step_45000-20260809-210530	738714458	1786279642	dflash	cfg	tstate
/data/guorui/checkpoint-trash	qwen3-4b-static-non-pre-norm-difference-pool-domino-all36-b16-l3-6node-050809101112-bs1-epoch4-ar-eval-20260809	epoch_0_step_25000-20260809-195322	738714458	1786275328	dflash	cfg	tstate
/data/guorui/checkpoint-trash	qwen3-4b-static-non-pre-norm-difference-pool-domino-all36-b16-l3-6node-050809101112-bs1-epoch4-ar-eval-20260809	epoch_2_step_65000-20260809-221732	738714458	1786283970	dflash	cfg	tstate
/data/guorui/checkpoint-trash	qwen3-4b-static-non-pre-norm-difference-pool-domino-all36-b16-l3-6node-050809101112-bs1-epoch4-ar-eval-20260809	epoch_2_step_75000-20260809-225340	738714458	1786286132	dflash	cfg	tstate
/data/guorui/checkpoint-trash	qwen3-4b-static-non-pre-norm-difference-pool-domino-all36-b16-l3-6node-050809101112-bs1-epoch4-ar-eval-20260809	epoch_1_step_35000-20260809-202927	738714458	1786277489	dflash	cfg	tstate
/data/guorui/checkpoint-trash	qwen3-4b-static-non-pre-norm-difference-pool-domino-all36-b16-l3-6node-050809101112-bs1-epoch4-ar-eval-20260809	epoch_2_step_60000-20260809-215930	738714458	1786282882	dflash	cfg	tstate
/data/guorui/checkpoint-trash	qwen3-4b-static-non-pre-norm-difference-pool-domino-all36-b16-l3-6node-050809101112-bs1-epoch4-ar-eval-20260809	epoch_1_step_30000-20260809-201129	738714458	1786276402	dflash	cfg	tstate
/data/guorui/checkpoint-trash	qwen3-4b-static-non-pre-norm-difference-pool-domino-all36-b16-l3-6node-050809101112-bs1-epoch4-ar-eval-20260809	epoch_0_step_10000-20260809-185929	738714458	1786272089	dflash	cfg	tstate
/data/guorui/checkpoint-trash	qwen3-4b-static-non-pre-norm-difference-pool-domino-all36-b16-l3-6node-050809101112-bs1-epoch4-ar-eval-20260809	epoch_3_step_85000-20260809-232941	738714458	1786288302	dflash	cfg	tstate
/data/guorui/checkpoint-trash	qwen3-4b-static-non-pre-norm-difference-pool-domino-all36-b16-l3-6node-050809101112-bs1-epoch4-ar-eval-20260809	epoch_3_step_80000-20260809-231142	738714458	1786287219	dflash	cfg	tstate
/data/guorui/checkpoint-trash	qwen3-4b-static-non-pre-norm-difference-pool-domino-all36-b16-l3-6node-050809101112-bs1-epoch4-ar-eval-20260809	epoch_0_step_15000-20260809-191733	738714458	1786273169	dflash	cfg	tstate
/data/guorui/checkpoint-trash	qwen3-4b-static-non-pre-norm-difference-pool-domino-all36-b16-l3-6node-050809101112-bs1-epoch4-ar-eval-20260809	epoch_0_step_5000-20260809-184129	738714458	1786271021	dflash	cfg	tstate
/data/guorui/checkpoint-trash	qwen3-4b-static-non-pre-norm-difference-pool-domino-all36-b16-l3-6node-050809101112-bs1-epoch4-ar-eval-20260809	epoch_3_step_95000-20260810-000554	738714458	1786290469	dflash	cfg	tstate
/data/guorui/checkpoint-trash	qwen3-4b-static-non-pre-norm-difference-pool-domino-all36-b16-l3-6node-050809101112-bs1-epoch4-ar-eval-20260809	epoch_2_step_70000-20260809-223532	738714458	1786285052	dflash	cfg	tstate
/data/guorui/checkpoint-trash	qwen3-4b-static-non-pre-norm-difference-pool-domino-all36-b16-l3-6node-050809101112-bs1-epoch4-ar-eval-20260809	epoch_1_step_40000-20260809-204722	738714458	1786278567	dflash	cfg	tstate
/data/guorui/checkpoint-trash	qwen3-4b-static-non-pre-norm-difference-pool-domino-all36-b16-l3-6node-050809101112-bs1-epoch4-ar-eval-20260809	epoch_3_step_90000-20260809-234749	738714458	1786289381	dflash	cfg	tstate
/data/guorui/checkpoint-trash	qwen3-4b-static-non-pre-norm-difference-pool-domino-all36-b16-l3-6node-050809101112-bs1-epoch4-ar-eval-20260809	epoch_1_step_50000-20260809-212327	738714458	1786280730	dflash	cfg	tstate
/data/guorui/checkpoint-trash	qwen3-4b-static-non-pre-norm-difference-pool-domino-all36-b16-l3-6node-050809101112-bs1-epoch4-ar-eval-20260809	epoch_0_step_20000-20260809-193528	738714458	1786274253	dflash	cfg	tstate
/data/guorui/checkpoint-trash	qwen3-4b-static-non-pre-norm-difference-pool-domino-all36-b16-l3-6node-050809101112-bs1-epoch4-ar-eval-20260809	epoch_2_step_55000-20260809-214122	738714458	1786281806	dflash	cfg	tstate
/data/guorui/checkpoint-trash	qwen3-4b-headwise-signed-diff-kv-domino-all36-b16-l5-5node-0508091011-bs2-epoch4-ar-eval-20260811	epoch_1_step_25000-20260812-070624	1218309600	1786486759	dflash	cfg	tstate
/data/guorui/checkpoint-trash	qwen3-4b-headwise-signed-diff-kv-domino-all36-b16-l5-5node-0508091011-bs2-epoch4-ar-eval-20260811	epoch_0_step_5000-20260812-035746	1218309600	1786475453	dflash	cfg	tstate
/data/guorui/checkpoint-trash	qwen3-4b-headwise-signed-diff-kv-domino-all36-b16-l5-5node-0508091011-bs2-epoch4-ar-eval-20260811	epoch_1_step_30000-20260812-075334	1218309600	1786489584	dflash	cfg	tstate
/data/guorui/checkpoint-trash	qwen3-4b-headwise-signed-diff-kv-domino-all36-b16-l5-5node-0508091011-bs2-epoch4-ar-eval-20260811	epoch_1_step_20000-20260812-061919	1218309600	1786483922	dflash	cfg	tstate
/data/guorui/checkpoint-trash	qwen3-4b-headwise-signed-diff-kv-domino-all36-b16-l5-5node-0508091011-bs2-epoch4-ar-eval-20260811	epoch_0_step_10000-20260812-044452	1218309600	1786478266	dflash	cfg	tstate
/data/guorui/checkpoint-trash	qwen3-4b-headwise-signed-diff-kv-domino-all36-b16-l5-5node-0508091011-bs2-epoch4-ar-eval-20260811	epoch_0_step_15000-20260812-053202	1218309600	1786481092	dflash	cfg	tstate
/data/guorui/checkpoint-trash	qwen3-4b-headwise-signed-diff-kv-domino-all36-b16-l5-5node-0508091011-bs2-epoch4-ar-eval-20260811	epoch_2_step_35000-20260812-084045	1218309600	1786492414	dflash	cfg	tstate
/data/guorui/checkpoint-trash	qwen3-4b-domino-all36-draft-layer-gate-independent-rmsnorm-lowrank-r1024-b16-step3p5-perfectblend-mix-4node-051011-bs2acc1-epoch4-eval1k-20260729	epoch_1_step_32000-20260730-075105	1489565368	1785368061	dflash	cfg	tstate
/data/guorui/checkpoint-trash	qwen3-4b-domino-all36-draft-layer-gate-independent-rmsnorm-lowrank-r1024-b16-step3p5-perfectblend-mix-4node-051011-bs2acc1-epoch4-eval1k-20260729	epoch_0_step_2000-20260730-033946	1489565368	1785352994	dflash	cfg	tstate
/data/guorui/checkpoint-trash	qwen3-4b-domino-all36-draft-layer-gate-independent-rmsnorm-lowrank-r1024-b16-step3p5-perfectblend-mix-4node-051011-bs2acc1-epoch4-eval1k-20260729	epoch_0_step_4000-20260730-035626	1489565368	1785353986	dflash	cfg	tstate
/data/guorui/checkpoint-trash	qwen3-4b-domino-all36-draft-layer-gate-independent-rmsnorm-lowrank-r1024-b16-step3p5-perfectblend-mix-4node-051011-bs2acc1-epoch4-eval1k-20260729	epoch_0_step_6000-20260730-041314	1489565368	1785354986	dflash	cfg	tstate
/data/guorui/checkpoint-trash	qwen3-4b-domino-all36-draft-layer-gate-independent-rmsnorm-lowrank-r1024-b16-step3p5-perfectblend-mix-4node-051011-bs2acc1-epoch4-eval1k-20260729	epoch_1_step_30000-20260730-073421	1489565368	1785367055	dflash	cfg	tstate
/data/guorui/checkpoint-trash	qwen3-4b-domino-all36-draft-layer-gate-independent-rmsnorm-lowrank-r1024-b16-step3p5-perfectblend-mix-4node-051011-bs2acc1-epoch4-eval1k-20260729	epoch_2_step_40000-20260730-085838	1489565368	1785372113	dflash	cfg	tstate
/data/guorui/checkpoint-trash	qwen3-4b-domino-all36-draft-layer-gate-independent-rmsnorm-lowrank-r1024-b16-step3p5-perfectblend-mix-4node-051011-bs2acc1-epoch4-eval1k-20260729	epoch_0_step_14000-20260730-052016	1489565368	1785359009	dflash	cfg	tstate
/data/guorui/checkpoint-trash	qwen3-4b-domino-all36-draft-layer-gate-independent-rmsnorm-lowrank-r1024-b16-step3p5-perfectblend-mix-4node-051011-bs2acc1-epoch4-eval1k-20260729	epoch_0_step_8000-20260730-043001	1489565368	1785355994	dflash	cfg	tstate
/data/guorui/checkpoint-trash	qwen3-4b-domino-all36-draft-layer-gate-independent-rmsnorm-lowrank-r1024-b16-step3p5-perfectblend-mix-4node-051011-bs2acc1-epoch4-eval1k-20260729	epoch_1_step_20000-20260730-061031	1489565368	1785362025	dflash	cfg	tstate
/data/guorui/checkpoint-trash	qwen3-4b-domino-all36-draft-layer-gate-independent-rmsnorm-lowrank-r1024-b16-step3p5-perfectblend-mix-4node-051011-bs2acc1-epoch4-eval1k-20260729	epoch_1_step_34000-20260730-080752	1489565368	1785369065	dflash	cfg	tstate
/data/guorui/checkpoint-trash	qwen3-4b-domino-all36-draft-layer-gate-independent-rmsnorm-lowrank-r1024-b16-step3p5-perfectblend-mix-4node-051011-bs2acc1-epoch4-eval1k-20260729	epoch_1_step_26000-20260730-070050	1489565368	1785365044	dflash	cfg	tstate
/data/guorui/checkpoint-trash	qwen3-4b-domino-all36-draft-layer-gate-independent-rmsnorm-lowrank-r1024-b16-step3p5-perfectblend-mix-4node-051011-bs2acc1-epoch4-eval1k-20260729	epoch_1_step_38000-20260730-084153	1489565368	1785371078	dflash	cfg	tstate
/data/guorui/checkpoint-trash	qwen3-4b-domino-all36-draft-layer-gate-independent-rmsnorm-lowrank-r1024-b16-step3p5-perfectblend-mix-4node-051011-bs2acc1-epoch4-eval1k-20260729	epoch_0_step_18000-20260730-055345	1489565368	1785361022	dflash	cfg	tstate
/data/guorui/checkpoint-trash	qwen3-4b-domino-all36-draft-layer-gate-independent-rmsnorm-lowrank-r1024-b16-step3p5-perfectblend-mix-4node-051011-bs2acc1-epoch4-eval1k-20260729	epoch_1_step_24000-20260730-064404	1489565368	1785364037	dflash	cfg	tstate
/data/guorui/checkpoint-trash	qwen3-4b-domino-all36-draft-layer-gate-independent-rmsnorm-lowrank-r1024-b16-step3p5-perfectblend-mix-4node-051011-bs2acc1-epoch4-eval1k-20260729	epoch_0_step_12000-20260730-050329	1489565368	1785358003	dflash	cfg	tstate
/data/guorui/checkpoint-trash	qwen3-4b-domino-all36-draft-layer-gate-independent-rmsnorm-lowrank-r1024-b16-step3p5-perfectblend-mix-4node-051011-bs2acc1-epoch4-eval1k-20260729	epoch_1_step_36000-20260730-082438	1489565368	1785370072	dflash	cfg	tstate
/data/guorui/checkpoint-trash	qwen3-4b-domino-all36-draft-layer-gate-independent-rmsnorm-lowrank-r1024-b16-step3p5-perfectblend-mix-4node-051011-bs2acc1-epoch4-eval1k-20260729	epoch_1_step_28000-20260730-071735	1489565368	1785366050	dflash	cfg	tstate
/data/guorui/checkpoint-trash	qwen3-4b-domino-all36-draft-layer-gate-independent-rmsnorm-lowrank-r1024-b16-step3p5-perfectblend-mix-4node-051011-bs2acc1-epoch4-eval1k-20260729	epoch_0_step_10000-20260730-044643	1489565368	1785357001	dflash	cfg	tstate
/data/guorui/checkpoint-trash	qwen3-4b-domino-all36-draft-layer-gate-independent-rmsnorm-lowrank-r1024-b16-step3p5-perfectblend-mix-4node-051011-bs2acc1-epoch4-eval1k-20260729	epoch_0_step_16000-20260730-053702	1489565368	1785360016	dflash	cfg	tstate
/data/guorui/checkpoint-trash	qwen3-4b-domino-all36-draft-layer-gate-independent-rmsnorm-lowrank-r1024-b16-step3p5-perfectblend-mix-4node-051011-bs2acc1-epoch4-eval1k-20260729	epoch_2_step_42000-20260730-091636	1489565368	1785373118	dflash	cfg	tstate
/data/guorui/checkpoint-trash	qwen3-4b-domino-all36-draft-layer-gate-independent-rmsnorm-lowrank-r1024-b16-step3p5-perfectblend-mix-4node-051011-bs2acc1-epoch4-eval1k-20260729	epoch_1_step_22000-20260730-062717	1489565368	1785363031	dflash	cfg	tstate
/data/guorui/checkpoint-trash	qwen3-4b-difference-linear-pure-pool-domino-all36-b16-l5-post-norm-2node-0509-bs2acc1-epoch4-ar-eval-20260804	epoch_1_step_45000-20260805-060550	1165691238	1785878571	dflash	cfg	tstate
/data/guorui/checkpoint-trash	qwen3-4b-difference-linear-pure-pool-domino-all36-b16-l5-post-norm-2node-0509-bs2acc1-epoch4-ar-eval-20260804	epoch_0_step_15000-20260805-014824	1165691238	1785863128	dflash	cfg	tstate
/data/guorui/checkpoint-trash	qwen3-4b-difference-linear-pure-pool-domino-all36-b16-l5-post-norm-2node-0509-bs2acc1-epoch4-ar-eval-20260804	epoch_1_step_40000-20260805-052251	1165691238	1785875999	dflash	cfg	tstate
/data/guorui/checkpoint-trash	qwen3-4b-difference-linear-pure-pool-domino-all36-b16-l5-post-norm-2node-0509-bs2acc1-epoch4-ar-eval-20260804	epoch_0_step_10000-20260805-010528	1165691238	1785860555	dflash	cfg	tstate
/data/guorui/checkpoint-trash	qwen3-4b-difference-linear-pure-pool-domino-all36-b16-l5-post-norm-2node-0509-bs2acc1-epoch4-ar-eval-20260804	epoch_1_step_60000-20260805-081435	1165691238	1785886299	dflash	cfg	tstate
/data/guorui/checkpoint-trash	qwen3-4b-difference-linear-pure-pool-domino-all36-b16-l5-post-norm-2node-0509-bs2acc1-epoch4-ar-eval-20260804	epoch_0_step_30000-20260805-035701	1165691238	1785870847	dflash	cfg	tstate
/data/guorui/checkpoint-trash	qwen3-4b-difference-linear-pure-pool-domino-all36-b16-l5-post-norm-2node-0509-bs2acc1-epoch4-ar-eval-20260804	epoch_1_step_65000-20260805-085732	1165691238	1785888875	dflash	cfg	tstate
/data/guorui/checkpoint-trash	qwen3-4b-difference-linear-pure-pool-domino-all36-b16-l5-post-norm-2node-0509-bs2acc1-epoch4-ar-eval-20260804	epoch_1_step_70000-20260805-094032	1165691238	1785891452	dflash	cfg	tstate
/data/guorui/checkpoint-trash	qwen3-4b-difference-linear-pure-pool-domino-all36-b16-l5-post-norm-2node-0509-bs2acc1-epoch4-ar-eval-20260804	epoch_0_step_5000-20260805-002235	1165691238	1785857991	dflash	cfg	tstate
/data/guorui/checkpoint-trash	qwen3-4b-difference-linear-pure-pool-domino-all36-b16-l5-post-norm-2node-0509-bs2acc1-epoch4-ar-eval-20260804	epoch_1_step_55000-20260805-073139	1165691238	1785883730	dflash	cfg	tstate
/data/guorui/checkpoint-trash	qwen3-4b-difference-linear-pure-pool-domino-all36-b16-l5-post-norm-2node-0509-bs2acc1-epoch4-ar-eval-20260804	epoch_0_step_35000-20260805-043959	1165691238	1785873420	dflash	cfg	tstate
/data/guorui/checkpoint-trash	qwen3-4b-difference-linear-pure-pool-domino-all36-b16-l5-post-norm-2node-0509-bs2acc1-epoch4-ar-eval-20260804	epoch_0_step_25000-20260805-031407	1165691238	1785868273	dflash	cfg	tstate
/data/guorui/checkpoint-trash	qwen3-4b-difference-linear-pure-pool-domino-all36-b16-l5-post-norm-2node-0509-bs2acc1-epoch4-ar-eval-20260804	epoch_1_step_50000-20260805-064850	1165691238	1785881150	dflash	cfg	tstate
/data/guorui/checkpoint-trash	qwen3-4b-difference-linear-pure-pool-domino-all36-b16-l5-post-norm-2node-0509-bs2acc1-epoch4-ar-eval-20260804	epoch_0_step_20000-20260805-023114	1165691238	1785865703	dflash	cfg	tstate
/data/guorui/checkpoint-trash	qwen3-4b-fork-domino-full31-n8-noeval-metrics-fixed-base150k-lr5e5-2node-0509-20260818	epoch_0_step_15000-20260818-064243	1192260196	1787004239	dflash	cfg	tstate
/data/guorui/checkpoint-trash	qwen3-4b-fork-domino-full31-n8-noeval-metrics-fixed-base150k-lr5e5-2node-0509-20260818	epoch_0_step_10000-20260818-060359	1192260196	1787001918	dflash	cfg	tstate
/data/guorui/checkpoint-trash	qwen3-4b-fork-domino-full31-n8-noeval-metrics-fixed-base150k-lr5e5-2node-0509-20260818	epoch_0_step_5000-20260818-052518	1192260196	1786999599	dflash	cfg	tstate
/data/guorui/checkpoint-trash	qwen3-4b-fork-domino-full31-n8-noeval-metrics-fixed-base150k-lr5e5-2node-0509-20260818	epoch_0_step_20000-20260818-085130	1192260196	1787006563	dflash	cfg	tstate
/data/guorui/checkpoint-trash	qwen3-4b-fork-domino-all36-b16-l5-split2-r256-2node-0509-continue-step2000-retry5d-strict-reference	epoch_0_step_14000-20260818-005933	1170646752	1786984960	dflash	cfg	tstate
/data/guorui/checkpoint-trash	qwen3-4b-fork-domino-all36-b16-l5-split2-r256-2node-0509-continue-step2000-retry5d-strict-reference	epoch_0_step_20000-20260818-012443	1170646752	1786986477	dflash	cfg	tstate
/data/guorui/checkpoint-trash	qwen3-4b-fork-domino-all36-b16-l5-split2-r256-2node-0509-continue-step2000-retry5d-strict-reference	epoch_0_step_24000-20260818-014132	1170646752	1786987483	dflash	cfg	tstate
/data/guorui/checkpoint-trash	qwen3-4b-fork-domino-all36-b16-l5-split2-r256-2node-0509-continue-step2000-retry5d-strict-reference	epoch_0_step_6000-20260818-002549	1170646752	1786982942	dflash	cfg	tstate
/data/guorui/checkpoint-trash	qwen3-4b-fork-domino-all36-b16-l5-split2-r256-2node-0509-continue-step2000-retry5d-strict-reference	epoch_0_step_22000-20260818-013309	1170646752	1786986980	dflash	cfg	tstate
/data/guorui/checkpoint-trash	qwen3-4b-fork-domino-all36-b16-l5-split2-r256-2node-0509-continue-step2000-retry5d-strict-reference	epoch_0_step_8000-20260818-003415	1170646752	1786983446	dflash	cfg	tstate
/data/guorui/checkpoint-trash	qwen3-4b-fork-domino-all36-b16-l5-split2-r256-2node-0509-continue-step2000-retry5d-strict-reference	epoch_0_step_28000-20260818-015820	1170646752	1786988492	dflash	cfg	tstate
/data/guorui/checkpoint-trash	qwen3-4b-fork-domino-all36-b16-l5-split2-r256-2node-0509-continue-step2000-retry5d-strict-reference	epoch_0_step_2000-20260818-000902	1170646752	1786981949	dflash	cfg	tstate
/data/guorui/checkpoint-trash	qwen3-4b-fork-domino-all36-b16-l5-split2-r256-2node-0509-continue-step2000-retry5d-strict-reference	epoch_0_step_26000-20260818-014956	1170646752	1786987989	dflash	cfg	tstate
/data/guorui/checkpoint-trash	qwen3-4b-fork-domino-all36-b16-l5-split2-r256-2node-0509-continue-step2000-retry5d-strict-reference	epoch_0_step_4000-20260818-001726	1170646752	1786982446	dflash	cfg	tstate
/data/guorui/checkpoint-trash	qwen3-4b-fork-domino-all36-b16-l5-split2-r256-2node-0509-continue-step2000-retry5d-strict-reference	epoch_0_step_18000-20260818-011620	1170646752	1786985973	dflash	cfg	tstate
/data/guorui/checkpoint-trash	qwen3-4b-fork-domino-all36-b16-l5-split2-r256-2node-0509-continue-step2000-retry5d-strict-reference	epoch_0_step_16000-20260818-010757	1170646752	1786985467	dflash	cfg	tstate
/data/guorui/checkpoint-trash	qwen3-4b-fork-domino-all36-b16-l5-split2-r256-2node-0509-continue-step2000-retry5d-strict-reference	epoch_0_step_10000-20260818-004240	1170646752	1786983949	dflash	cfg	tstate
/data/guorui/checkpoint-trash	qwen3-4b-fork-domino-all36-b16-l5-split2-r256-2node-0509-continue-step2000-retry5d-strict-reference	epoch_0_step_12000-20260818-005107	1170646752	1786984455	dflash	cfg	tstate
